"Retention time","Name","Intensity","cell_type"
2.0022,"BPC",0.017508072,"Epidermis"
2.006566667,"BPC",0.017867991,"Epidermis"
2.01135,"BPC",0.01922043,"Epidermis"
2.015733333,"BPC",0.017293597,"Epidermis"
2.0201,"BPC",0.017100394,"Epidermis"
2.024483333,"BPC",0.017356641,"Epidermis"
2.028866667,"BPC",0.017610013,"Epidermis"
2.03325,"BPC",0.018186181,"Epidermis"
2.037616667,"BPC",0.018244607,"Epidermis"
2.042,"BPC",0.017836959,"Epidermis"
2.046383333,"BPC",0.018132579,"Epidermis"
2.050766667,"BPC",0.017642931,"Epidermis"
2.055133333,"BPC",0.017571478,"Epidermis"
2.059516667,"BPC",0.018687004,"Epidermis"
2.0639,"BPC",0.01819864,"Epidermis"
2.068283333,"BPC",0.017531975,"Epidermis"
2.07265,"BPC",0.017601983,"Epidermis"
2.077033333,"BPC",0.01705012,"Epidermis"
2.081416667,"BPC",0.018625792,"Epidermis"
2.0858,"BPC",0.017725317,"Epidermis"
2.090166667,"BPC",0.018517066,"Epidermis"
2.09495,"BPC",0.016826945,"Epidermis"
2.099333333,"BPC",0.017222201,"Epidermis"
2.1037,"BPC",0.016739608,"Epidermis"
2.108083333,"BPC",0.017889186,"Epidermis"
2.112466667,"BPC",0.017868432,"Epidermis"
2.11685,"BPC",0.018491553,"Epidermis"
2.121216667,"BPC",0.018219518,"Epidermis"
2.1256,"BPC",0.016507339,"Epidermis"
2.129983333,"BPC",0.017582125,"Epidermis"
2.134366667,"BPC",0.01773077,"Epidermis"
2.138733333,"BPC",0.017313614,"Epidermis"
2.143116667,"BPC",0.017446527,"Epidermis"
2.1475,"BPC",0.018053656,"Epidermis"
2.151883333,"BPC",0.018304913,"Epidermis"
2.15625,"BPC",0.017735764,"Epidermis"
2.160633333,"BPC",0.01757158,"Epidermis"
2.165016667,"BPC",0.016564592,"Epidermis"
2.1694,"BPC",0.017929902,"Epidermis"
2.173766667,"BPC",0.017894612,"Epidermis"
2.17855,"BPC",0.018225978,"Epidermis"
2.182933333,"BPC",0.017912776,"Epidermis"
2.187316667,"BPC",0.01855325,"Epidermis"
2.191683333,"BPC",0.017413062,"Epidermis"
2.196066667,"BPC",0.018048544,"Epidermis"
2.20045,"BPC",0.018263264,"Epidermis"
2.204833333,"BPC",0.017766783,"Epidermis"
2.2092,"BPC",0.017758755,"Epidermis"
2.213583333,"BPC",0.018154846,"Epidermis"
2.217966667,"BPC",0.017546953,"Epidermis"
2.22235,"BPC",0.017923525,"Epidermis"
2.226716667,"BPC",0.017474561,"Epidermis"
2.2311,"BPC",0.018158206,"Epidermis"
2.235483333,"BPC",0.019467458,"Epidermis"
2.239866667,"BPC",0.018032803,"Epidermis"
2.244233333,"BPC",0.018427246,"Epidermis"
2.248616667,"BPC",0.019028484,"Epidermis"
2.253,"BPC",0.018887331,"Epidermis"
2.257383333,"BPC",0.018595018,"Epidermis"
2.26215,"BPC",0.018259711,"Epidermis"
2.266533333,"BPC",0.01852074,"Epidermis"
2.2709,"BPC",0.018019994,"Epidermis"
2.275283333,"BPC",0.01877125,"Epidermis"
2.279666667,"BPC",0.017577065,"Epidermis"
2.28405,"BPC",0.01798788,"Epidermis"
2.288416667,"BPC",0.018058476,"Epidermis"
2.2928,"BPC",0.018612469,"Epidermis"
2.297183333,"BPC",0.017684069,"Epidermis"
2.301566667,"BPC",0.017480296,"Epidermis"
2.305933333,"BPC",0.01851447,"Epidermis"
2.310316667,"BPC",0.01939874,"Epidermis"
2.3147,"BPC",0.018889547,"Epidermis"
2.319083333,"BPC",0.019269343,"Epidermis"
2.32345,"BPC",0.018330796,"Epidermis"
2.327833333,"BPC",0.017992521,"Epidermis"
2.332216667,"BPC",0.019645022,"Epidermis"
2.3366,"BPC",0.01969581,"Epidermis"
2.340966667,"BPC",0.018976269,"Epidermis"
2.34575,"BPC",0.018195839,"Epidermis"
2.350116667,"BPC",0.018477839,"Epidermis"
2.3545,"BPC",0.01964714,"Epidermis"
2.358883333,"BPC",0.019046474,"Epidermis"
2.363266667,"BPC",0.018345055,"Epidermis"
2.367633333,"BPC",0.018843371,"Epidermis"
2.372016667,"BPC",0.018461193,"Epidermis"
2.3764,"BPC",0.018775623,"Epidermis"
2.380783333,"BPC",0.018758446,"Epidermis"
2.38515,"BPC",0.019497586,"Epidermis"
2.389533333,"BPC",0.01864464,"Epidermis"
2.393916667,"BPC",0.018917552,"Epidermis"
2.3983,"BPC",0.018474036,"Epidermis"
2.402666667,"BPC",0.018517591,"Epidermis"
2.40705,"BPC",0.019365634,"Epidermis"
2.411433333,"BPC",0.01962516,"Epidermis"
2.415816667,"BPC",0.018744264,"Epidermis"
2.420183333,"BPC",0.019931973,"Epidermis"
2.424566667,"BPC",0.018711458,"Epidermis"
2.42935,"BPC",0.019237799,"Epidermis"
2.433733333,"BPC",0.019072989,"Epidermis"
2.4381,"BPC",0.019652687,"Epidermis"
2.442483333,"BPC",0.018715659,"Epidermis"
2.446866667,"BPC",0.018305826,"Epidermis"
2.45125,"BPC",0.017748681999999998,"Epidermis"
2.455616667,"BPC",0.018194283,"Epidermis"
2.46,"BPC",0.019673749,"Epidermis"
2.464383333,"BPC",0.019709046,"Epidermis"
2.468766667,"BPC",0.019364622,"Epidermis"
2.473133333,"BPC",0.018990259,"Epidermis"
2.477516667,"BPC",0.018879466,"Epidermis"
2.4819,"BPC",0.019943758,"Epidermis"
2.486283333,"BPC",0.020176977,"Epidermis"
2.49065,"BPC",0.018252958,"Epidermis"
2.495033333,"BPC",0.019163627,"Epidermis"
2.499416667,"BPC",0.017882069,"Epidermis"
2.5038,"BPC",0.018694201,"Epidermis"
2.508166667,"BPC",0.019374586,"Epidermis"
2.51295,"BPC",0.01855369,"Epidermis"
2.517333333,"BPC",0.017893216,"Epidermis"
2.5217,"BPC",0.019637212,"Epidermis"
2.526083333,"BPC",0.020852625,"Epidermis"
2.530466667,"BPC",0.019762214,"Epidermis"
2.53485,"BPC",0.018971336,"Epidermis"
2.539216667,"BPC",0.019380309,"Epidermis"
2.5436,"BPC",0.018815089,"Epidermis"
2.547983333,"BPC",0.018806819,"Epidermis"
2.552366667,"BPC",0.018788166,"Epidermis"
2.556733333,"BPC",0.019012056,"Epidermis"
2.561116667,"BPC",0.020071358,"Epidermis"
2.5655,"BPC",0.018877515,"Epidermis"
2.569883333,"BPC",0.018658204,"Epidermis"
2.57425,"BPC",0.02032109,"Epidermis"
2.578633333,"BPC",0.019577888,"Epidermis"
2.583016667,"BPC",0.019671197,"Epidermis"
2.5874,"BPC",0.019231561,"Epidermis"
2.591766667,"BPC",0.019276951,"Epidermis"
2.59655,"BPC",0.019563229,"Epidermis"
2.600916667,"BPC",0.019066609,"Epidermis"
2.6053,"BPC",0.019282456,"Epidermis"
2.609683333,"BPC",0.020749728,"Epidermis"
2.614066667,"BPC",0.020309897,"Epidermis"
2.618433333,"BPC",0.018906382,"Epidermis"
2.622816667,"BPC",0.018665573,"Epidermis"
2.6272,"BPC",0.018926669,"Epidermis"
2.631583333,"BPC",0.019213483,"Epidermis"
2.63595,"BPC",0.020344933,"Epidermis"
2.640333333,"BPC",0.019740643,"Epidermis"
2.644716667,"BPC",0.019618442,"Epidermis"
2.6491,"BPC",0.019368001,"Epidermis"
2.653466667,"BPC",0.019445038,"Epidermis"
2.65785,"BPC",0.01947981,"Epidermis"
2.662233333,"BPC",0.019100683,"Epidermis"
2.666616667,"BPC",0.019969042,"Epidermis"
2.670983333,"BPC",0.019053181,"Epidermis"
2.675366667,"BPC",0.020200427,"Epidermis"
2.68015,"BPC",0.020178716,"Epidermis"
2.684516667,"BPC",0.020093275,"Epidermis"
2.6889,"BPC",0.020510109,"Epidermis"
2.693283333,"BPC",0.020124157,"Epidermis"
2.697666667,"BPC",0.020827014,"Epidermis"
2.702033333,"BPC",0.020491182,"Epidermis"
2.706416667,"BPC",0.019284177,"Epidermis"
2.7108,"BPC",0.020224222,"Epidermis"
2.715183333,"BPC",0.020252976,"Epidermis"
2.71955,"BPC",0.019505208,"Epidermis"
2.723933333,"BPC",0.020952376,"Epidermis"
2.728316667,"BPC",0.019739258,"Epidermis"
2.7327,"BPC",0.020502185,"Epidermis"
2.737066667,"BPC",0.019611089,"Epidermis"
2.74145,"BPC",0.021081528,"Epidermis"
2.745833333,"BPC",0.020880044,"Epidermis"
2.750216667,"BPC",0.020452985,"Epidermis"
2.754583333,"BPC",0.02388729,"Epidermis"
2.758966667,"BPC",0.026173718,"Epidermis"
2.76345,"BPC",0.025358733,"Epidermis"
2.767833333,"BPC",0.02250394,"Epidermis"
2.772216667,"BPC",0.019285937,"Epidermis"
2.7766,"BPC",0.020388372,"Epidermis"
2.780966667,"BPC",0.020114164,"Epidermis"
2.78535,"BPC",0.021613478,"Epidermis"
2.789733333,"BPC",0.020218134,"Epidermis"
2.794116667,"BPC",0.019309131,"Epidermis"
2.798483333,"BPC",0.019296702,"Epidermis"
2.802866667,"BPC",0.020395887,"Epidermis"
2.80725,"BPC",0.020813669,"Epidermis"
2.811633333,"BPC",0.020743307,"Epidermis"
2.816,"BPC",0.019998898,"Epidermis"
2.820383333,"BPC",0.019925921,"Epidermis"
2.824766667,"BPC",0.021565716,"Epidermis"
2.82915,"BPC",0.021191951,"Epidermis"
2.833516667,"BPC",0.021576643,"Epidermis"
2.8379,"BPC",0.020274083,"Epidermis"
2.842283333,"BPC",0.019135489,"Epidermis"
2.846783333,"BPC",0.021053446,"Epidermis"
2.851166667,"BPC",0.020227499,"Epidermis"
2.85555,"BPC",0.020123478,"Epidermis"
2.859933333,"BPC",0.020601106,"Epidermis"
2.8643,"BPC",0.020258591,"Epidermis"
2.868683333,"BPC",0.021427585,"Epidermis"
2.873066667,"BPC",0.019985661,"Epidermis"
2.87745,"BPC",0.02090688,"Epidermis"
2.881816667,"BPC",0.019866866,"Epidermis"
2.8862,"BPC",0.02110718,"Epidermis"
2.890583333,"BPC",0.021315274,"Epidermis"
2.894966667,"BPC",0.020015519,"Epidermis"
2.899333333,"BPC",0.020892453,"Epidermis"
2.903716667,"BPC",0.022467576,"Epidermis"
2.9081,"BPC",0.020818163,"Epidermis"
2.912483333,"BPC",0.021452804,"Epidermis"
2.91685,"BPC",0.02014317,"Epidermis"
2.921233333,"BPC",0.021177285,"Epidermis"
2.925616667,"BPC",0.021549197,"Epidermis"
2.930266667,"BPC",0.0205274,"Epidermis"
2.934633333,"BPC",0.020639083,"Epidermis"
2.939016667,"BPC",0.02085431,"Epidermis"
2.9434,"BPC",0.020687336,"Epidermis"
2.947783333,"BPC",0.019562888,"Epidermis"
2.95215,"BPC",0.032810729,"Epidermis"
2.956533333,"BPC",0.052243371,"Epidermis"
2.960916667,"BPC",0.074483623,"Epidermis"
2.9653,"BPC",0.086787946,"Epidermis"
2.969666667,"BPC",0.09116958,"Epidermis"
2.97405,"BPC",0.090089823,"Epidermis"
2.978433333,"BPC",0.087374625,"Epidermis"
2.982816667,"BPC",0.0713594,"Epidermis"
2.987183333,"BPC",0.061328248,"Epidermis"
2.991566667,"BPC",0.049089809,"Epidermis"
2.99595,"BPC",0.035722894,"Epidermis"
3.000333333,"BPC",0.0253051,"Epidermis"
3.0047,"BPC",0.03842889,"Epidermis"
3.009083333,"BPC",0.050585808,"Epidermis"
3.013466667,"BPC",0.06401115,"Epidermis"
3.01785,"BPC",0.073184344,"Epidermis"
3.022216667,"BPC",0.074344584,"Epidermis"
3.0266,"BPC",0.072297226,"Epidermis"
3.030983333,"BPC",0.065105763,"Epidermis"
3.035366667,"BPC",0.058346246,"Epidermis"
3.039733333,"BPC",0.047179647,"Epidermis"
3.044116667,"BPC",0.039624264,"Epidermis"
3.0485,"BPC",0.032632292,"Epidermis"
3.052883333,"BPC",0.026179394,"Epidermis"
3.05725,"BPC",0.021251174,"Epidermis"
3.061633333,"BPC",0.020553588,"Epidermis"
3.066016667,"BPC",0.020737628,"Epidermis"
3.0704,"BPC",0.021647668,"Epidermis"
3.074766667,"BPC",0.020135923,"Epidermis"
3.07915,"BPC",0.020424747,"Epidermis"
3.083533333,"BPC",0.021073656,"Epidermis"
3.087916667,"BPC",0.02124753,"Epidermis"
3.092283333,"BPC",0.020168535,"Epidermis"
3.097066667,"BPC",0.020265918,"Epidermis"
3.10145,"BPC",0.020857481,"Epidermis"
3.105816667,"BPC",0.022487421,"Epidermis"
3.1102,"BPC",0.020678567,"Epidermis"
3.114583333,"BPC",0.021969561,"Epidermis"
3.118966667,"BPC",0.021785112,"Epidermis"
3.123333333,"BPC",0.02045389,"Epidermis"
3.127716667,"BPC",0.021225679,"Epidermis"
3.1321,"BPC",0.020973882,"Epidermis"
3.136483333,"BPC",0.022090058,"Epidermis"
3.14085,"BPC",0.021821938,"Epidermis"
3.145233333,"BPC",0.023036416,"Epidermis"
3.149616667,"BPC",0.020975235,"Epidermis"
3.154,"BPC",0.021726063,"Epidermis"
3.158366667,"BPC",0.023485864,"Epidermis"
3.16275,"BPC",0.022720958,"Epidermis"
3.167133333,"BPC",0.021089313,"Epidermis"
3.171516667,"BPC",0.020895516,"Epidermis"
3.175883333,"BPC",0.020375958,"Epidermis"
3.1805,"BPC",0.022173068,"Epidermis"
3.184883333,"BPC",0.021186159,"Epidermis"
3.189266667,"BPC",0.021010841,"Epidermis"
3.19365,"BPC",0.021723058,"Epidermis"
3.198016667,"BPC",0.028039235,"Epidermis"
3.2024,"BPC",0.037600232,"Epidermis"
3.206783333,"BPC",0.087089863,"Epidermis"
3.211166667,"BPC",0.165927888,"Epidermis"
3.215533333,"BPC",0.255907819,"Epidermis"
3.219916667,"BPC",0.28301412,"Epidermis"
3.2243,"BPC",0.33835506,"Epidermis"
3.228683333,"BPC",0.286012838,"Epidermis"
3.23305,"BPC",0.261262825,"Epidermis"
3.237433333,"BPC",0.242602978,"Epidermis"
3.241816667,"BPC",0.189820043,"Epidermis"
3.2462,"BPC",0.156020455,"Epidermis"
3.250566667,"BPC",0.124208576,"Epidermis"
3.25495,"BPC",0.079029386,"Epidermis"
3.259333333,"BPC",0.058576251,"Epidermis"
3.263716667,"BPC",0.043631602,"Epidermis"
3.268083333,"BPC",0.027572813,"Epidermis"
3.272466667,"BPC",0.022106143,"Epidermis"
3.27685,"BPC",0.021933969,"Epidermis"
3.281233333,"BPC",0.02190134,"Epidermis"
3.2856,"BPC",0.021476912,"Epidermis"
3.289983333,"BPC",0.021790281,"Epidermis"
3.294366667,"BPC",0.02234011,"Epidermis"
3.29875,"BPC",0.022056337,"Epidermis"
3.303116667,"BPC",0.023173957,"Epidermis"
3.3075,"BPC",0.02222377,"Epidermis"
3.311883333,"BPC",0.021602381,"Epidermis"
3.316266667,"BPC",0.022707562,"Epidermis"
3.320633333,"BPC",0.022004978,"Epidermis"
3.325016667,"BPC",0.022899472,"Epidermis"
3.3294,"BPC",0.021685281,"Epidermis"
3.333783333,"BPC",0.021341671,"Epidermis"
3.33815,"BPC",0.020997397,"Epidermis"
3.342533333,"BPC",0.022949308,"Epidermis"
3.3473,"BPC",0.021748808,"Epidermis"
3.351683333,"BPC",0.021444927,"Epidermis"
3.356066667,"BPC",0.022048754,"Epidermis"
3.36045,"BPC",0.021141917,"Epidermis"
3.364816667,"BPC",0.022046772,"Epidermis"
3.3692,"BPC",0.020630326,"Epidermis"
3.373583333,"BPC",0.023001268,"Epidermis"
3.377966667,"BPC",0.021729118,"Epidermis"
3.382333333,"BPC",0.022551418,"Epidermis"
3.386716667,"BPC",0.021831849,"Epidermis"
3.3911,"BPC",0.021497981,"Epidermis"
3.395483333,"BPC",0.02191267,"Epidermis"
3.39985,"BPC",0.021910901,"Epidermis"
3.404233333,"BPC",0.021395921,"Epidermis"
3.408616667,"BPC",0.022365923,"Epidermis"
3.413,"BPC",0.022711602,"Epidermis"
3.417366667,"BPC",0.02302868,"Epidermis"
3.42175,"BPC",0.022082039,"Epidermis"
3.426133333,"BPC",0.021338684,"Epidermis"
3.4309,"BPC",0.021922216,"Epidermis"
3.435283333,"BPC",0.023390039,"Epidermis"
3.439666667,"BPC",0.021381037,"Epidermis"
3.44405,"BPC",0.024235761,"Epidermis"
3.448416667,"BPC",0.023308264,"Epidermis"
3.4528,"BPC",0.024095967,"Epidermis"
3.457183333,"BPC",0.023166481,"Epidermis"
3.461566667,"BPC",0.02257958,"Epidermis"
3.465933333,"BPC",0.023488544,"Epidermis"
3.470316667,"BPC",0.022863998,"Epidermis"
3.4747,"BPC",0.021353087,"Epidermis"
3.479083333,"BPC",0.022397419,"Epidermis"
3.48345,"BPC",0.022903952,"Epidermis"
3.487833333,"BPC",0.022494143,"Epidermis"
3.492216667,"BPC",0.021232114,"Epidermis"
3.4966,"BPC",0.021853457,"Epidermis"
3.500966667,"BPC",0.023832143,"Epidermis"
3.50535,"BPC",0.02216315,"Epidermis"
3.509733333,"BPC",0.022491235,"Epidermis"
3.514433333,"BPC",0.023095152,"Epidermis"
3.518816667,"BPC",0.022720669,"Epidermis"
3.523183333,"BPC",0.026922947,"Epidermis"
3.527566667,"BPC",0.033007646,"Epidermis"
3.53195,"BPC",0.034570018,"Epidermis"
3.536333333,"BPC",0.029522703,"Epidermis"
3.5407,"BPC",0.028066407,"Epidermis"
3.545083333,"BPC",0.024314608,"Epidermis"
3.549466667,"BPC",0.021406261,"Epidermis"
3.55385,"BPC",0.022114724,"Epidermis"
3.558216667,"BPC",0.022211731,"Epidermis"
3.5626,"BPC",0.022579079,"Epidermis"
3.566983333,"BPC",0.022258975,"Epidermis"
3.571366667,"BPC",0.022764131,"Epidermis"
3.575733333,"BPC",0.023490358,"Epidermis"
3.580116667,"BPC",0.022281261,"Epidermis"
3.5845,"BPC",0.021566006,"Epidermis"
3.588883333,"BPC",0.021870706,"Epidermis"
3.59325,"BPC",0.023065241,"Epidermis"
3.598016667,"BPC",0.022743507,"Epidermis"
3.6024,"BPC",0.02533933,"Epidermis"
3.606783333,"BPC",0.023363452,"Epidermis"
3.61115,"BPC",0.02089511,"Epidermis"
3.615533333,"BPC",0.02284557,"Epidermis"
3.619916667,"BPC",0.021981772,"Epidermis"
3.6243,"BPC",0.022757066,"Epidermis"
3.628666667,"BPC",0.021760105,"Epidermis"
3.63305,"BPC",0.022721847,"Epidermis"
3.637433333,"BPC",0.021933802,"Epidermis"
3.641816667,"BPC",0.022432911,"Epidermis"
3.646183333,"BPC",0.023046397,"Epidermis"
3.650566667,"BPC",0.023018399,"Epidermis"
3.65495,"BPC",0.024540775,"Epidermis"
3.659333333,"BPC",0.023460551,"Epidermis"
3.6637,"BPC",0.022923471,"Epidermis"
3.668083333,"BPC",0.023420069,"Epidermis"
3.672466667,"BPC",0.021813725,"Epidermis"
3.677,"BPC",0.024301387,"Epidermis"
3.681383333,"BPC",0.022776781,"Epidermis"
3.685766667,"BPC",0.02418192,"Epidermis"
3.690133333,"BPC",0.024215805,"Epidermis"
3.694516667,"BPC",0.026914952,"Epidermis"
3.6989,"BPC",0.029679181,"Epidermis"
3.703283333,"BPC",0.030511426,"Epidermis"
3.70765,"BPC",0.031583984,"Epidermis"
3.712033333,"BPC",0.031783008,"Epidermis"
3.716416667,"BPC",0.034479198,"Epidermis"
3.7208,"BPC",0.034841643,"Epidermis"
3.725166667,"BPC",0.03530686,"Epidermis"
3.72955,"BPC",0.036590494,"Epidermis"
3.733933333,"BPC",0.035869886,"Epidermis"
3.738316667,"BPC",0.034349847,"Epidermis"
3.742683333,"BPC",0.032542626,"Epidermis"
3.747066667,"BPC",0.031833873,"Epidermis"
3.75145,"BPC",0.029673733,"Epidermis"
3.755833333,"BPC",0.025581812,"Epidermis"
3.760283333,"BPC",0.024452311,"Epidermis"
3.76465,"BPC",0.024902477,"Epidermis"
3.769033333,"BPC",0.022732033,"Epidermis"
3.773416667,"BPC",0.022966902,"Epidermis"
3.7778,"BPC",0.024122116,"Epidermis"
3.782166667,"BPC",0.021960671,"Epidermis"
3.78655,"BPC",0.022399027,"Epidermis"
3.790933333,"BPC",0.023123196,"Epidermis"
3.795316667,"BPC",0.023457384,"Epidermis"
3.799683333,"BPC",0.023110287,"Epidermis"
3.804066667,"BPC",0.023620082,"Epidermis"
3.80845,"BPC",0.023649276,"Epidermis"
3.812833333,"BPC",0.023995356,"Epidermis"
3.8172,"BPC",0.024948099,"Epidermis"
3.821583333,"BPC",0.023441793,"Epidermis"
3.825966667,"BPC",0.022752747,"Epidermis"
3.83035,"BPC",0.022818445,"Epidermis"
3.834716667,"BPC",0.022872013,"Epidermis"
3.8391,"BPC",0.023740282,"Epidermis"
3.843633333,"BPC",0.040383432,"Epidermis"
3.848,"BPC",0.066735283,"Epidermis"
3.852383333,"BPC",0.102845208,"Epidermis"
3.856766667,"BPC",0.12297731,"Epidermis"
3.86115,"BPC",0.167293208,"Epidermis"
3.865516667,"BPC",0.194166868,"Epidermis"
3.8699,"BPC",0.219540942,"Epidermis"
3.874283333,"BPC",0.241285381,"Epidermis"
3.878666667,"BPC",0.234345041,"Epidermis"
3.883033333,"BPC",0.228467304,"Epidermis"
3.887416667,"BPC",0.189389472,"Epidermis"
3.8918,"BPC",0.166569489,"Epidermis"
3.896183333,"BPC",0.136688869,"Epidermis"
3.90055,"BPC",0.110191215,"Epidermis"
3.904933333,"BPC",0.083534062,"Epidermis"
3.909316667,"BPC",0.071066053,"Epidermis"
3.9137,"BPC",0.052251394,"Epidermis"
3.918066667,"BPC",0.04485809,"Epidermis"
3.92245,"BPC",0.036172449,"Epidermis"
3.926833333,"BPC",0.029171864,"Epidermis"
3.931216667,"BPC",0.025483695,"Epidermis"
3.935583333,"BPC",0.023981395,"Epidermis"
3.939966667,"BPC",0.023568434,"Epidermis"
3.94435,"BPC",0.024533383,"Epidermis"
3.948733333,"BPC",0.022785557,"Epidermis"
3.9531,"BPC",0.025641726,"Epidermis"
3.957483333,"BPC",0.033095513,"Epidermis"
3.961866667,"BPC",0.059585964,"Epidermis"
3.96625,"BPC",0.092484221,"Epidermis"
3.970616667,"BPC",0.153604689,"Epidermis"
3.975,"BPC",0.226709394,"Epidermis"
3.979383333,"BPC",0.285988156,"Epidermis"
3.983766667,"BPC",0.311656562,"Epidermis"
3.988133333,"BPC",0.311543376,"Epidermis"
3.992516667,"BPC",0.32836878,"Epidermis"
3.9969,"BPC",0.304239828,"Epidermis"
4.001283333,"BPC",0.258586465,"Epidermis"
4.00565,"BPC",0.206834608,"Epidermis"
4.010033333,"BPC",0.150718471,"Epidermis"
4.014416667,"BPC",0.119301418,"Epidermis"
4.0188,"BPC",0.087245071,"Epidermis"
4.023166667,"BPC",0.064129806,"Epidermis"
4.02755,"BPC",0.046925538,"Epidermis"
4.031933333,"BPC",0.03174351,"Epidermis"
4.036316667,"BPC",0.025037832,"Epidermis"
4.040683333,"BPC",0.025021952,"Epidermis"
4.045066667,"BPC",0.022964167,"Epidermis"
4.04945,"BPC",0.023664264,"Epidermis"
4.053816667,"BPC",0.024130472,"Epidermis"
4.0582,"BPC",0.024682197,"Epidermis"
4.062583333,"BPC",0.024694428,"Epidermis"
4.066966667,"BPC",0.024591616,"Epidermis"
4.07135,"BPC",0.024565552,"Epidermis"
4.075716667,"BPC",0.026033943,"Epidermis"
4.0801,"BPC",0.023759962,"Epidermis"
4.084483333,"BPC",0.02365324,"Epidermis"
4.08885,"BPC",0.02469772,"Epidermis"
4.093233333,"BPC",0.023754902,"Epidermis"
4.097616667,"BPC",0.022793124,"Epidermis"
4.102,"BPC",0.024359795,"Epidermis"
4.106366667,"BPC",0.023901736,"Epidermis"
4.11075,"BPC",0.023743814,"Epidermis"
4.115133333,"BPC",0.023476517,"Epidermis"
4.119516667,"BPC",0.024128506,"Epidermis"
4.123883333,"BPC",0.024792368,"Epidermis"
4.128266667,"BPC",0.023845613,"Epidermis"
4.13265,"BPC",0.028623217,"Epidermis"
4.137033333,"BPC",0.036097463,"Epidermis"
4.141416667,"BPC",0.039542229,"Epidermis"
4.145783333,"BPC",0.041464057,"Epidermis"
4.150166667,"BPC",0.038520674,"Epidermis"
4.15455,"BPC",0.036852688,"Epidermis"
4.158933333,"BPC",0.031556845,"Epidermis"
4.1633,"BPC",0.025985293,"Epidermis"
4.167683333,"BPC",0.024451695,"Epidermis"
4.172066667,"BPC",0.025106877,"Epidermis"
4.17645,"BPC",0.024343542,"Epidermis"
4.180816667,"BPC",0.026395454,"Epidermis"
4.1852,"BPC",0.02458023,"Epidermis"
4.189583333,"BPC",0.024341139,"Epidermis"
4.193966667,"BPC",0.02430381,"Epidermis"
4.198333333,"BPC",0.023652501,"Epidermis"
4.202716667,"BPC",0.024826049,"Epidermis"
4.2071,"BPC",0.024552311,"Epidermis"
4.211466667,"BPC",0.02477692,"Epidermis"
4.21585,"BPC",0.024439243,"Epidermis"
4.220233333,"BPC",0.025222093,"Epidermis"
4.224616667,"BPC",0.024398742,"Epidermis"
4.229,"BPC",0.024998573,"Epidermis"
4.233366667,"BPC",0.025046213,"Epidermis"
4.23775,"BPC",0.023497804,"Epidermis"
4.242133333,"BPC",0.023942609,"Epidermis"
4.2465,"BPC",0.023758183,"Epidermis"
4.250883333,"BPC",0.025872022,"Epidermis"
4.255266667,"BPC",0.026423135,"Epidermis"
4.25965,"BPC",0.024176094,"Epidermis"
4.264016667,"BPC",0.024244023,"Epidermis"
4.2684,"BPC",0.025080132,"Epidermis"
4.272783333,"BPC",0.024464906,"Epidermis"
4.277166667,"BPC",0.02351391,"Epidermis"
4.281533333,"BPC",0.025032197,"Epidermis"
4.285916667,"BPC",0.024382583,"Epidermis"
4.2903,"BPC",0.025257326,"Epidermis"
4.294683333,"BPC",0.024921939,"Epidermis"
4.29905,"BPC",0.025367048,"Epidermis"
4.303433333,"BPC",0.026411547,"Epidermis"
4.307816667,"BPC",0.02646725,"Epidermis"
4.3122,"BPC",0.02610137,"Epidermis"
4.316566667,"BPC",0.024996661,"Epidermis"
4.32095,"BPC",0.025228005,"Epidermis"
4.325333333,"BPC",0.025123817,"Epidermis"
4.329716667,"BPC",0.025159605,"Epidermis"
4.334083333,"BPC",0.023879044,"Epidermis"
4.338466667,"BPC",0.027879376,"Epidermis"
4.34285,"BPC",0.041943154,"Epidermis"
4.347233333,"BPC",0.048786874,"Epidermis"
4.3516,"BPC",0.060733734,"Epidermis"
4.355983333,"BPC",0.059773775,"Epidermis"
4.360366667,"BPC",0.064609485,"Epidermis"
4.36475,"BPC",0.063735722,"Epidermis"
4.369116667,"BPC",0.054619542,"Epidermis"
4.3735,"BPC",0.043131665,"Epidermis"
4.377883333,"BPC",0.033339342,"Epidermis"
4.382266667,"BPC",0.027587993,"Epidermis"
4.386633333,"BPC",0.024824484,"Epidermis"
4.391016667,"BPC",0.025966915,"Epidermis"
4.3954,"BPC",0.025807496,"Epidermis"
4.399783333,"BPC",0.026359781,"Epidermis"
4.40415,"BPC",0.025618573,"Epidermis"
4.408533333,"BPC",0.024569046,"Epidermis"
4.412916667,"BPC",0.025540335,"Epidermis"
4.4173,"BPC",0.025655172,"Epidermis"
4.421666667,"BPC",0.025698736,"Epidermis"
4.42605,"BPC",0.02474951,"Epidermis"
4.430583333,"BPC",0.025545965,"Epidermis"
4.43495,"BPC",0.025398852,"Epidermis"
4.439333333,"BPC",0.025780711,"Epidermis"
4.443716667,"BPC",0.023929402,"Epidermis"
4.4481,"BPC",0.02430888,"Epidermis"
4.452466667,"BPC",0.024871677,"Epidermis"
4.45685,"BPC",0.024780379,"Epidermis"
4.461233333,"BPC",0.023600676,"Epidermis"
4.465616667,"BPC",0.024233481,"Epidermis"
4.469983333,"BPC",0.024556649,"Epidermis"
4.474366667,"BPC",0.024749715,"Epidermis"
4.47875,"BPC",0.02567473,"Epidermis"
4.483133333,"BPC",0.024815017,"Epidermis"
4.4875,"BPC",0.024309143,"Epidermis"
4.491883333,"BPC",0.024176958,"Epidermis"
4.496266667,"BPC",0.024914922,"Epidermis"
4.50065,"BPC",0.025737338,"Epidermis"
4.505016667,"BPC",0.02488978,"Epidermis"
4.5094,"BPC",0.025148278,"Epidermis"
4.513783333,"BPC",0.024371204,"Epidermis"
4.518166667,"BPC",0.02564467,"Epidermis"
4.522533333,"BPC",0.031437854,"Epidermis"
4.526916667,"BPC",0.063906735,"Epidermis"
4.5313,"BPC",0.08956315,"Epidermis"
4.535683333,"BPC",0.103474975,"Epidermis"
4.54005,"BPC",0.106035379,"Epidermis"
4.544433333,"BPC",0.094005077,"Epidermis"
4.548816667,"BPC",0.093270646,"Epidermis"
4.5532,"BPC",0.086910572,"Epidermis"
4.557566667,"BPC",0.069277061,"Epidermis"
4.56195,"BPC",0.060097532,"Epidermis"
4.566333333,"BPC",0.048186793,"Epidermis"
4.570716667,"BPC",0.036432586,"Epidermis"
4.575083333,"BPC",0.029699005,"Epidermis"
4.579466667,"BPC",0.023968547,"Epidermis"
4.58385,"BPC",0.024092995,"Epidermis"
4.588233333,"BPC",0.025342212,"Epidermis"
4.5926,"BPC",0.024200246,"Epidermis"
4.596983333,"BPC",0.025735629,"Epidermis"
4.601366667,"BPC",0.026795234,"Epidermis"
4.60575,"BPC",0.024401813,"Epidermis"
4.610116667,"BPC",0.024054537,"Epidermis"
4.6145,"BPC",0.028128507,"Epidermis"
4.618883333,"BPC",0.027907737,"Epidermis"
4.623266667,"BPC",0.023465619,"Epidermis"
4.627633333,"BPC",0.025364753,"Epidermis"
4.632016667,"BPC",0.024354724,"Epidermis"
4.6364,"BPC",0.024712423,"Epidermis"
4.640783333,"BPC",0.025371918,"Epidermis"
4.64515,"BPC",0.026519042,"Epidermis"
4.649533333,"BPC",0.026011286,"Epidermis"
4.653916667,"BPC",0.025331343,"Epidermis"
4.6583,"BPC",0.027340071,"Epidermis"
4.662666667,"BPC",0.026232101,"Epidermis"
4.66705,"BPC",0.024107318,"Epidermis"
4.671433333,"BPC",0.026330606,"Epidermis"
4.675816667,"BPC",0.025346247,"Epidermis"
4.680183333,"BPC",0.023478222,"Epidermis"
4.684566667,"BPC",0.024152364,"Epidermis"
4.68895,"BPC",0.024705524,"Epidermis"
4.693333333,"BPC",0.02497674,"Epidermis"
4.6977,"BPC",0.025158204,"Epidermis"
4.702083333,"BPC",0.024724304,"Epidermis"
4.706466667,"BPC",0.026406101,"Epidermis"
4.71085,"BPC",0.027148301,"Epidermis"
4.715216667,"BPC",0.02654058,"Epidermis"
4.7196,"BPC",0.026023159,"Epidermis"
4.723983333,"BPC",0.026143807,"Epidermis"
4.728366667,"BPC",0.024283375,"Epidermis"
4.732733333,"BPC",0.024830856,"Epidermis"
4.737116667,"BPC",0.025786603,"Epidermis"
4.7415,"BPC",0.025258249,"Epidermis"
4.745883333,"BPC",0.024587756,"Epidermis"
4.75025,"BPC",0.024000194,"Epidermis"
4.754633333,"BPC",0.024780777,"Epidermis"
4.759016667,"BPC",0.025052519,"Epidermis"
4.7634,"BPC",0.025307486,"Epidermis"
4.767766667,"BPC",0.024427632,"Epidermis"
4.77215,"BPC",0.03045263,"Epidermis"
4.776533333,"BPC",0.03090241,"Epidermis"
4.780916667,"BPC",0.029444198,"Epidermis"
4.785283333,"BPC",0.02992086,"Epidermis"
4.789666667,"BPC",0.027240244,"Epidermis"
4.79405,"BPC",0.02667493,"Epidermis"
4.798433333,"BPC",0.026948208,"Epidermis"
4.8028,"BPC",0.02475047,"Epidermis"
4.807183333,"BPC",0.02501686,"Epidermis"
4.811566667,"BPC",0.024582062,"Epidermis"
4.81595,"BPC",0.024998553,"Epidermis"
4.820316667,"BPC",0.024708278,"Epidermis"
4.8247,"BPC",0.024178021,"Epidermis"
4.829083333,"BPC",0.026709424,"Epidermis"
4.833466667,"BPC",0.025822562,"Epidermis"
4.837833333,"BPC",0.026626242,"Epidermis"
4.842216667,"BPC",0.025773265,"Epidermis"
4.8466,"BPC",0.024418212,"Epidermis"
4.850983333,"BPC",0.023924492,"Epidermis"
4.85535,"BPC",0.024558565,"Epidermis"
4.859733333,"BPC",0.024495675,"Epidermis"
4.864116667,"BPC",0.055059716,"Epidermis"
4.8685,"BPC",0.105780734,"Epidermis"
4.872866667,"BPC",0.191800096,"Epidermis"
4.87725,"BPC",0.276685814,"Epidermis"
4.881633333,"BPC",0.402580653,"Epidermis"
4.886016667,"BPC",0.439958425,"Epidermis"
4.890383333,"BPC",0.493826931,"Epidermis"
4.894766667,"BPC",0.442602218,"Epidermis"
4.89915,"BPC",0.330626567,"Epidermis"
4.903533333,"BPC",0.356039721,"Epidermis"
4.9079,"BPC",0.295128661,"Epidermis"
4.912283333,"BPC",0.262732174,"Epidermis"
4.916666667,"BPC",0.214568528,"Epidermis"
4.92105,"BPC",0.169453251,"Epidermis"
4.925416667,"BPC",0.126161204,"Epidermis"
4.9298,"BPC",0.098432356,"Epidermis"
4.934183333,"BPC",0.064350498,"Epidermis"
4.938566667,"BPC",0.041725779,"Epidermis"
4.942933333,"BPC",0.0272823,"Epidermis"
4.947316667,"BPC",0.026125106,"Epidermis"
4.9517,"BPC",0.027172787,"Epidermis"
4.956083333,"BPC",0.025778695,"Epidermis"
4.96045,"BPC",0.025122198,"Epidermis"
4.964833333,"BPC",0.027035023,"Epidermis"
4.969216667,"BPC",0.028369177,"Epidermis"
4.9736,"BPC",0.026732587,"Epidermis"
4.977966667,"BPC",0.027004572,"Epidermis"
4.98235,"BPC",0.02636245,"Epidermis"
4.986733333,"BPC",0.02530873,"Epidermis"
4.991116667,"BPC",0.025802674,"Epidermis"
4.995483333,"BPC",0.025196645,"Epidermis"
4.999866667,"BPC",0.025431362,"Epidermis"
5.00425,"BPC",0.025713305,"Epidermis"
5.008633333,"BPC",0.024371024,"Epidermis"
5.013,"BPC",0.024594866,"Epidermis"
5.017383333,"BPC",0.026206201,"Epidermis"
5.021766667,"BPC",0.026886429,"Epidermis"
5.026133333,"BPC",0.025928355,"Epidermis"
5.030516667,"BPC",0.026401563,"Epidermis"
5.0349,"BPC",0.025232614,"Epidermis"
5.039283333,"BPC",0.02603462,"Epidermis"
5.043666667,"BPC",0.026231689,"Epidermis"
5.048033333,"BPC",0.027456969,"Epidermis"
5.052416667,"BPC",0.025866226,"Epidermis"
5.0568,"BPC",0.02615019,"Epidermis"
5.061183333,"BPC",0.025774379,"Epidermis"
5.06555,"BPC",0.026014953,"Epidermis"
5.069933333,"BPC",0.025723822,"Epidermis"
5.074316667,"BPC",0.024885295,"Epidermis"
5.0787,"BPC",0.026827372,"Epidermis"
5.083066667,"BPC",0.026364085,"Epidermis"
5.08745,"BPC",0.026348386,"Epidermis"
5.091833333,"BPC",0.026055973,"Epidermis"
5.096216667,"BPC",0.025935844,"Epidermis"
5.100583333,"BPC",0.024594967,"Epidermis"
5.104966667,"BPC",0.025286769,"Epidermis"
5.10935,"BPC",0.026495241,"Epidermis"
5.113716667,"BPC",0.025816393,"Epidermis"
5.1181,"BPC",0.025066007,"Epidermis"
5.122483333,"BPC",0.025022788,"Epidermis"
5.126866667,"BPC",0.025447105,"Epidermis"
5.131233333,"BPC",0.025439442,"Epidermis"
5.135616667,"BPC",0.025748267,"Epidermis"
5.14,"BPC",0.025000989,"Epidermis"
5.144383333,"BPC",0.026433399,"Epidermis"
5.14875,"BPC",0.026359606,"Epidermis"
5.153133333,"BPC",0.026743314,"Epidermis"
5.157516667,"BPC",0.024373699,"Epidermis"
5.1619,"BPC",0.026542396,"Epidermis"
5.166266667,"BPC",0.026320048,"Epidermis"
5.17065,"BPC",0.025003319,"Epidermis"
5.175033333,"BPC",0.025136728,"Epidermis"
5.179416667,"BPC",0.025487589,"Epidermis"
5.183783333,"BPC",0.025677067,"Epidermis"
5.188166667,"BPC",0.025714268,"Epidermis"
5.19255,"BPC",0.025616466,"Epidermis"
5.196933333,"BPC",0.025317733,"Epidermis"
5.2013,"BPC",0.025707819,"Epidermis"
5.205683333,"BPC",0.026486205,"Epidermis"
5.210066667,"BPC",0.024723463,"Epidermis"
5.21445,"BPC",0.025182688,"Epidermis"
5.218816667,"BPC",0.027424938,"Epidermis"
5.2232,"BPC",0.026465617,"Epidermis"
5.227583333,"BPC",0.024718289,"Epidermis"
5.231966667,"BPC",0.024482097,"Epidermis"
5.236333333,"BPC",0.024672422,"Epidermis"
5.240716667,"BPC",0.026977247,"Epidermis"
5.2451,"BPC",0.025014283,"Epidermis"
5.249483333,"BPC",0.02640157,"Epidermis"
5.25385,"BPC",0.024307713,"Epidermis"
5.258233333,"BPC",0.025091729,"Epidermis"
5.262616667,"BPC",0.024086172,"Epidermis"
5.267,"BPC",0.024535463,"Epidermis"
5.271366667,"BPC",0.025960092,"Epidermis"
5.27575,"BPC",0.026316752,"Epidermis"
5.280133333,"BPC",0.025626592,"Epidermis"
5.284516667,"BPC",0.024997089,"Epidermis"
5.288883333,"BPC",0.027729567,"Epidermis"
5.293266667,"BPC",0.027294794,"Epidermis"
5.29765,"BPC",0.029809408,"Epidermis"
5.302033333,"BPC",0.048188489,"Epidermis"
5.3064,"BPC",0.056336358,"Epidermis"
5.310783333,"BPC",0.053035009,"Epidermis"
5.315166667,"BPC",0.070148774,"Epidermis"
5.31955,"BPC",0.10033334,"Epidermis"
5.323916667,"BPC",0.141314371,"Epidermis"
5.3283,"BPC",0.150104166,"Epidermis"
5.332683333,"BPC",0.163259055,"Epidermis"
5.337066667,"BPC",0.155842108,"Epidermis"
5.341433333,"BPC",0.132269982,"Epidermis"
5.345816667,"BPC",0.119398062,"Epidermis"
5.3502,"BPC",0.110705883,"Epidermis"
5.354583333,"BPC",0.06624839,"Epidermis"
5.35895,"BPC",0.058389372,"Epidermis"
5.363333333,"BPC",0.045611155,"Epidermis"
5.367716667,"BPC",0.079749326,"Epidermis"
5.3721,"BPC",0.114482391,"Epidermis"
5.376466667,"BPC",0.130968796,"Epidermis"
5.38085,"BPC",0.142939614,"Epidermis"
5.385233333,"BPC",0.15528411,"Epidermis"
5.389616667,"BPC",0.14809996,"Epidermis"
5.393983333,"BPC",0.133594478,"Epidermis"
5.398366667,"BPC",0.126677321,"Epidermis"
5.40275,"BPC",0.096808492,"Epidermis"
5.407133333,"BPC",0.077345716,"Epidermis"
5.4115,"BPC",0.057939835,"Epidermis"
5.415883333,"BPC",0.044079707,"Epidermis"
5.420266667,"BPC",0.03333311,"Epidermis"
5.42465,"BPC",0.026508054,"Epidermis"
5.429016667,"BPC",0.025340549,"Epidermis"
5.4334,"BPC",0.026161805,"Epidermis"
5.437783333,"BPC",0.02605584,"Epidermis"
5.442166667,"BPC",0.026200605,"Epidermis"
5.446533333,"BPC",0.027085008,"Epidermis"
5.450916667,"BPC",0.02582706,"Epidermis"
5.4553,"BPC",0.025018936,"Epidermis"
5.459683333,"BPC",0.025447096,"Epidermis"
5.46405,"BPC",0.026365992,"Epidermis"
5.468433333,"BPC",0.026617375,"Epidermis"
5.472816667,"BPC",0.026005876,"Epidermis"
5.4772,"BPC",0.02494432,"Epidermis"
5.481566667,"BPC",0.023733051,"Epidermis"
5.48595,"BPC",0.025621278,"Epidermis"
5.490333333,"BPC",0.026266027,"Epidermis"
5.494716667,"BPC",0.025512364,"Epidermis"
5.499083333,"BPC",0.024607198,"Epidermis"
5.503466667,"BPC",0.025154481,"Epidermis"
5.50785,"BPC",0.025705956,"Epidermis"
5.512233333,"BPC",0.024436055,"Epidermis"
5.5166,"BPC",0.026007311,"Epidermis"
5.520983333,"BPC",0.02716937,"Epidermis"
5.525366667,"BPC",0.02540521,"Epidermis"
5.52975,"BPC",0.026682927,"Epidermis"
5.534116667,"BPC",0.026671538,"Epidermis"
5.5385,"BPC",0.027285649,"Epidermis"
5.542883333,"BPC",0.025757883,"Epidermis"
5.547266667,"BPC",0.027371433,"Epidermis"
5.551633333,"BPC",0.026227177,"Epidermis"
5.556016667,"BPC",0.026749225,"Epidermis"
5.5604,"BPC",0.026930212,"Epidermis"
5.564783333,"BPC",0.024691323,"Epidermis"
5.56915,"BPC",0.025774454,"Epidermis"
5.573533333,"BPC",0.025646502,"Epidermis"
5.577916667,"BPC",0.025303845,"Epidermis"
5.5823,"BPC",0.027276336,"Epidermis"
5.586666667,"BPC",0.026018535,"Epidermis"
5.59105,"BPC",0.026607487,"Epidermis"
5.595433333,"BPC",0.024501225,"Epidermis"
5.599816667,"BPC",0.026316508,"Epidermis"
5.604183333,"BPC",0.024271512,"Epidermis"
5.608566667,"BPC",0.02608562,"Epidermis"
5.61295,"BPC",0.025339508,"Epidermis"
5.617333333,"BPC",0.025715576,"Epidermis"
5.6217,"BPC",0.025439422,"Epidermis"
5.626083333,"BPC",0.026732706,"Epidermis"
5.630466667,"BPC",0.026397451,"Epidermis"
5.63485,"BPC",0.024748401,"Epidermis"
5.639216667,"BPC",0.026328967000000002,"Epidermis"
5.6436,"BPC",0.025791584,"Epidermis"
5.647983333,"BPC",0.026550543,"Epidermis"
5.652366667,"BPC",0.027029281,"Epidermis"
5.656733333,"BPC",0.024690535,"Epidermis"
5.661116667,"BPC",0.024717491,"Epidermis"
5.6655,"BPC",0.025666042,"Epidermis"
5.669883333,"BPC",0.027576905,"Epidermis"
5.67425,"BPC",0.026839758,"Epidermis"
5.678633333,"BPC",0.027615804,"Epidermis"
5.683016667,"BPC",0.026753852,"Epidermis"
5.6874,"BPC",0.024855183,"Epidermis"
5.691766667,"BPC",0.027461037,"Epidermis"
5.69615,"BPC",0.026617188,"Epidermis"
5.700533333,"BPC",0.026612545,"Epidermis"
5.704916667,"BPC",0.02498185,"Epidermis"
5.709283333,"BPC",0.026645718,"Epidermis"
5.713666667,"BPC",0.024316908,"Epidermis"
5.71805,"BPC",0.025481106,"Epidermis"
5.722433333,"BPC",0.024837444,"Epidermis"
5.7268,"BPC",0.026033804,"Epidermis"
5.731183333,"BPC",0.025249127,"Epidermis"
5.735566667,"BPC",0.02545945,"Epidermis"
5.73995,"BPC",0.027693697,"Epidermis"
5.744316667,"BPC",0.026149732,"Epidermis"
5.7487,"BPC",0.026881351,"Epidermis"
5.753083333,"BPC",0.025662853,"Epidermis"
5.757466667,"BPC",0.027183872,"Epidermis"
5.761833333,"BPC",0.023988255,"Epidermis"
5.766216667,"BPC",0.025676292,"Epidermis"
5.7706,"BPC",0.025702894,"Epidermis"
5.774983333,"BPC",0.026304559,"Epidermis"
5.77935,"BPC",0.027474697,"Epidermis"
5.783733333,"BPC",0.026045729,"Epidermis"
5.788116667,"BPC",0.025944373,"Epidermis"
5.7925,"BPC",0.024965895,"Epidermis"
5.796866667,"BPC",0.024944568,"Epidermis"
5.80125,"BPC",0.024312442,"Epidermis"
5.805633333,"BPC",0.025609203,"Epidermis"
5.810016667,"BPC",0.025228514,"Epidermis"
5.814383333,"BPC",0.024787565,"Epidermis"
5.818766667,"BPC",0.024421858,"Epidermis"
5.82315,"BPC",0.023943764,"Epidermis"
5.827533333,"BPC",0.026918298,"Epidermis"
5.8319,"BPC",0.024742053,"Epidermis"
5.836283333,"BPC",0.026494827,"Epidermis"
5.840666667,"BPC",0.024284864,"Epidermis"
5.84505,"BPC",0.023895762,"Epidermis"
5.849416667,"BPC",0.025509043,"Epidermis"
5.8538,"BPC",0.025946766,"Epidermis"
5.858183333,"BPC",0.025572415,"Epidermis"
5.862566667,"BPC",0.026261203,"Epidermis"
5.866933333,"BPC",0.026991743,"Epidermis"
5.871316667,"BPC",0.02681454,"Epidermis"
5.8757,"BPC",0.026516835,"Epidermis"
5.880083333,"BPC",0.02671355,"Epidermis"
5.88445,"BPC",0.027180831,"Epidermis"
5.888833333,"BPC",0.026716114,"Epidermis"
5.893216667,"BPC",0.026548852,"Epidermis"
5.8976,"BPC",0.025719601,"Epidermis"
5.901966667,"BPC",0.025256028,"Epidermis"
5.90635,"BPC",0.027042683,"Epidermis"
5.910733333,"BPC",0.02578762,"Epidermis"
5.915116667,"BPC",0.026614883,"Epidermis"
5.919483333,"BPC",0.026582492,"Epidermis"
5.923866667,"BPC",0.034193343,"Epidermis"
5.92825,"BPC",0.04714838,"Epidermis"
5.932633333,"BPC",0.056370036,"Epidermis"
5.937,"BPC",0.06948187,"Epidermis"
5.941383333,"BPC",0.065022445,"Epidermis"
5.945766667,"BPC",0.064787733,"Epidermis"
5.95015,"BPC",0.059392425,"Epidermis"
5.954516667,"BPC",0.057297516,"Epidermis"
5.9589,"BPC",0.049276845,"Epidermis"
5.963283333,"BPC",0.042205294,"Epidermis"
5.967666667,"BPC",0.043883858,"Epidermis"
5.972033333,"BPC",0.036342809,"Epidermis"
5.976416667,"BPC",0.026919973,"Epidermis"
5.9808,"BPC",0.023896831,"Epidermis"
5.985183333,"BPC",0.025199432,"Epidermis"
5.98955,"BPC",0.023617609,"Epidermis"
5.993933333,"BPC",0.027461233,"Epidermis"
5.998316667,"BPC",0.026076502,"Epidermis"
6.0027,"BPC",0.025164715,"Epidermis"
6.007066667,"BPC",0.026970139,"Epidermis"
6.01145,"BPC",0.025462896,"Epidermis"
6.015833333,"BPC",0.02493191,"Epidermis"
6.020216667,"BPC",0.028247979,"Epidermis"
6.024583333,"BPC",0.025331759,"Epidermis"
6.028966667,"BPC",0.02533831,"Epidermis"
6.03335,"BPC",0.026314778,"Epidermis"
6.037733333,"BPC",0.026048759,"Epidermis"
6.0421,"BPC",0.025216555,"Epidermis"
6.046483333,"BPC",0.026254937,"Epidermis"
6.050866667,"BPC",0.024519433,"Epidermis"
6.05525,"BPC",0.026381317,"Epidermis"
6.059616667,"BPC",0.024833281,"Epidermis"
6.064,"BPC",0.026971766,"Epidermis"
6.068383333,"BPC",0.058382484,"Epidermis"
6.072766667,"BPC",0.109032847,"Epidermis"
6.077133333,"BPC",0.18808503,"Epidermis"
6.081516667,"BPC",0.318889976,"Epidermis"
6.0859,"BPC",0.456629906,"Epidermis"
6.090283333,"BPC",0.520128196,"Epidermis"
6.09465,"BPC",0.637611632,"Epidermis"
6.099033333,"BPC",0.648739361,"Epidermis"
6.103416667,"BPC",0.877647379,"Epidermis"
6.1078,"BPC",0.772791701,"Epidermis"
6.112166667,"BPC",0.679447643,"Epidermis"
6.11655,"BPC",1,"Epidermis"
6.120933333,"BPC",0.813333997,"Epidermis"
6.125316667,"BPC",0.609368281,"Epidermis"
6.129683333,"BPC",0.664991498,"Epidermis"
6.134066667,"BPC",0.592188896,"Epidermis"
6.13845,"BPC",0.684527086,"Epidermis"
6.142833333,"BPC",0.663372169,"Epidermis"
6.1472,"BPC",0.744711985,"Epidermis"
6.151583333,"BPC",0.72702020999999994,"Epidermis"
6.155966667,"BPC",0.639284097,"Epidermis"
6.16035,"BPC",0.670892946,"Epidermis"
6.164716667,"BPC",0.645998523,"Epidermis"
6.1691,"BPC",0.614996223,"Epidermis"
6.173483333,"BPC",0.537744952,"Epidermis"
6.177866667,"BPC",0.452488368,"Epidermis"
6.182233333,"BPC",0.325792007,"Epidermis"
6.186616667,"BPC",0.292196592,"Epidermis"
6.191,"BPC",0.222089033,"Epidermis"
6.195383333,"BPC",0.188898479,"Epidermis"
6.19975,"BPC",0.137652713,"Epidermis"
6.204133333,"BPC",0.096386812,"Epidermis"
6.208516667,"BPC",0.080353796,"Epidermis"
6.2129,"BPC",0.072336356,"Epidermis"
6.217266667,"BPC",0.059352991,"Epidermis"
6.22165,"BPC",0.056553143,"Epidermis"
6.226033333,"BPC",0.053760302,"Epidermis"
6.230416667,"BPC",0.044436521,"Epidermis"
6.234783333,"BPC",0.043292672,"Epidermis"
6.239166667,"BPC",0.043500998,"Epidermis"
6.24355,"BPC",0.038393541,"Epidermis"
6.247933333,"BPC",0.03652256,"Epidermis"
6.2523,"BPC",0.036809597,"Epidermis"
6.256683333,"BPC",0.035752555,"Epidermis"
6.261066667,"BPC",0.037357725,"Epidermis"
6.26545,"BPC",0.032280403,"Epidermis"
6.269816667,"BPC",0.030692338,"Epidermis"
6.2742000000000004,"BPC",0.029770438,"Epidermis"
6.278583333,"BPC",0.032826074,"Epidermis"
6.282966667,"BPC",0.030172046,"Epidermis"
6.287333333,"BPC",0.032623772,"Epidermis"
6.291716667,"BPC",0.026342665,"Epidermis"
6.2961,"BPC",0.022669583,"Epidermis"
6.300483333,"BPC",0.028033209,"Epidermis"
6.30485,"BPC",0.023903541,"Epidermis"
6.309233333,"BPC",0.025452499,"Epidermis"
6.313616667,"BPC",0.024893601,"Epidermis"
6.318,"BPC",0.027546404,"Epidermis"
6.322366667,"BPC",0.024276003,"Epidermis"
6.32675,"BPC",0.026122107,"Epidermis"
6.331133333,"BPC",0.024858009,"Epidermis"
6.335516667,"BPC",0.025596631,"Epidermis"
6.339883333,"BPC",0.026027962,"Epidermis"
6.344266667,"BPC",0.025198509,"Epidermis"
6.34865,"BPC",0.02472008,"Epidermis"
6.353033333,"BPC",0.025625308,"Epidermis"
6.3574,"BPC",0.025741023,"Epidermis"
6.361783333,"BPC",0.026658088,"Epidermis"
6.366166667,"BPC",0.024910847,"Epidermis"
6.37055,"BPC",0.024138844,"Epidermis"
6.374916667,"BPC",0.024145414,"Epidermis"
6.3793,"BPC",0.023693472,"Epidermis"
6.383683333,"BPC",0.024356597,"Epidermis"
6.388066667,"BPC",0.025718505,"Epidermis"
6.392433333,"BPC",0.02613859,"Epidermis"
6.396816667,"BPC",0.025765834,"Epidermis"
6.4012,"BPC",0.023928357,"Epidermis"
6.405583333,"BPC",0.024562061,"Epidermis"
6.40995,"BPC",0.025423761,"Epidermis"
6.414333333,"BPC",0.025895283,"Epidermis"
6.418716667,"BPC",0.02404479,"Epidermis"
6.4231,"BPC",0.026562514,"Epidermis"
6.427466667,"BPC",0.025090286,"Epidermis"
6.43185,"BPC",0.025755612,"Epidermis"
6.436233333,"BPC",0.023933491,"Epidermis"
6.440616667,"BPC",0.024131797,"Epidermis"
6.444983333,"BPC",0.02355488,"Epidermis"
6.449366667,"BPC",0.025617431,"Epidermis"
6.45375,"BPC",0.024795709,"Epidermis"
6.458133333,"BPC",0.024758653,"Epidermis"
6.4625,"BPC",0.024572899,"Epidermis"
6.466883333,"BPC",0.024624983,"Epidermis"
6.471266667,"BPC",0.024743834,"Epidermis"
6.47565,"BPC",0.027933358,"Epidermis"
6.480016667,"BPC",0.024079761,"Epidermis"
6.4844,"BPC",0.023611105,"Epidermis"
6.488783333,"BPC",0.026949142,"Epidermis"
6.493166667,"BPC",0.025594987,"Epidermis"
6.497533333,"BPC",0.025289647,"Epidermis"
6.501916667,"BPC",0.025380615,"Epidermis"
2.001616667,"BPC",0.017458261,"Idioblast"
2.006,"BPC",0.017930359,"Idioblast"
2.010783333,"BPC",0.018501141,"Idioblast"
2.01515,"BPC",0.017903895,"Idioblast"
2.019533333,"BPC",0.017584139,"Idioblast"
2.023916667,"BPC",0.018037985,"Idioblast"
2.0283,"BPC",0.0178563,"Idioblast"
2.032666667,"BPC",0.01781127,"Idioblast"
2.03705,"BPC",0.017172213,"Idioblast"
2.041433333,"BPC",0.018465776,"Idioblast"
2.045816667,"BPC",0.017438965,"Idioblast"
2.050183333,"BPC",0.018125075,"Idioblast"
2.054566667,"BPC",0.018174875,"Idioblast"
2.05895,"BPC",0.018228202,"Idioblast"
2.063333333,"BPC",0.018360144,"Idioblast"
2.0677,"BPC",0.017799507,"Idioblast"
2.072083333,"BPC",0.017900488,"Idioblast"
2.076466667,"BPC",0.017396346,"Idioblast"
2.08085,"BPC",0.017751308,"Idioblast"
2.085216667,"BPC",0.01743593,"Idioblast"
2.0896,"BPC",0.019004612,"Idioblast"
2.094383333,"BPC",0.016317112,"Idioblast"
2.098766667,"BPC",0.017262776,"Idioblast"
2.103133333,"BPC",0.01802647,"Idioblast"
2.107516667,"BPC",0.018767495,"Idioblast"
2.1119,"BPC",0.017800418,"Idioblast"
2.116283333,"BPC",0.017773143,"Idioblast"
2.12065,"BPC",0.018624027,"Idioblast"
2.125033333,"BPC",0.018329912,"Idioblast"
2.129416667,"BPC",0.018651648,"Idioblast"
2.1338,"BPC",0.017617472,"Idioblast"
2.138166667,"BPC",0.017564865,"Idioblast"
2.14255,"BPC",0.01740805,"Idioblast"
2.1469333330000002,"BPC",0.017983154,"Idioblast"
2.151316667,"BPC",0.018788223,"Idioblast"
2.155683333,"BPC",0.019361918,"Idioblast"
2.160066667,"BPC",0.018157279,"Idioblast"
2.16445,"BPC",0.017319058,"Idioblast"
2.168833333,"BPC",0.016853502,"Idioblast"
2.1732,"BPC",0.017659904,"Idioblast"
2.177983333,"BPC",0.018138537,"Idioblast"
2.18235,"BPC",0.016990143,"Idioblast"
2.186733333,"BPC",0.017618433,"Idioblast"
2.191116667,"BPC",0.018124596,"Idioblast"
2.1955,"BPC",0.018210822,"Idioblast"
2.199866667,"BPC",0.018455451,"Idioblast"
2.20425,"BPC",0.017740658,"Idioblast"
2.208633333,"BPC",0.018357191,"Idioblast"
2.213016667,"BPC",0.018340669,"Idioblast"
2.217383333,"BPC",0.018552142,"Idioblast"
2.221766667,"BPC",0.018191994,"Idioblast"
2.22615,"BPC",0.018030287,"Idioblast"
2.230533333,"BPC",0.016918902,"Idioblast"
2.2349,"BPC",0.017790385,"Idioblast"
2.239283333,"BPC",0.018374106,"Idioblast"
2.243666667,"BPC",0.018756988,"Idioblast"
2.24805,"BPC",0.017735762,"Idioblast"
2.252416667,"BPC",0.0177724,"Idioblast"
2.2568,"BPC",0.017579672,"Idioblast"
2.261566667,"BPC",0.018376076,"Idioblast"
2.26595,"BPC",0.018764817,"Idioblast"
2.270333333,"BPC",0.017716402,"Idioblast"
2.2747,"BPC",0.017810781,"Idioblast"
2.279083333,"BPC",0.017518432,"Idioblast"
2.283466667,"BPC",0.017543541,"Idioblast"
2.28785,"BPC",0.018139757,"Idioblast"
2.292216667,"BPC",0.018962991,"Idioblast"
2.2966,"BPC",0.018446293,"Idioblast"
2.300983333,"BPC",0.018416579,"Idioblast"
2.305366667,"BPC",0.017138934,"Idioblast"
2.309733333,"BPC",0.018547735,"Idioblast"
2.314116667,"BPC",0.018209824,"Idioblast"
2.3185,"BPC",0.019014459,"Idioblast"
2.322883333,"BPC",0.019435994,"Idioblast"
2.32725,"BPC",0.018627548,"Idioblast"
2.331633333,"BPC",0.018114217,"Idioblast"
2.336016667,"BPC",0.017844789,"Idioblast"
2.3404,"BPC",0.020131959,"Idioblast"
2.345166667,"BPC",0.021057467,"Idioblast"
2.34955,"BPC",0.024856713,"Idioblast"
2.353933333,"BPC",0.027026864,"Idioblast"
2.3583,"BPC",0.032511733,"Idioblast"
2.362683333,"BPC",0.033638638,"Idioblast"
2.367066667,"BPC",0.034564051,"Idioblast"
2.37145,"BPC",0.03025862,"Idioblast"
2.375816667,"BPC",0.024767364,"Idioblast"
2.3802,"BPC",0.020323248,"Idioblast"
2.384583333,"BPC",0.018293369,"Idioblast"
2.388966667,"BPC",0.018660922,"Idioblast"
2.393333333,"BPC",0.017911028,"Idioblast"
2.397716667,"BPC",0.01926123,"Idioblast"
2.4021,"BPC",0.019163327,"Idioblast"
2.406483333,"BPC",0.018232964,"Idioblast"
2.41085,"BPC",0.018231929,"Idioblast"
2.415233333,"BPC",0.018379002,"Idioblast"
2.419616667,"BPC",0.01905683,"Idioblast"
2.424,"BPC",0.018221378,"Idioblast"
2.428766667,"BPC",0.018417799,"Idioblast"
2.43315,"BPC",0.019226017,"Idioblast"
2.437516667,"BPC",0.019373538,"Idioblast"
2.4419,"BPC",0.019657063,"Idioblast"
2.446283333,"BPC",0.018336574,"Idioblast"
2.450666667,"BPC",0.019700957,"Idioblast"
2.455033333,"BPC",0.019731687,"Idioblast"
2.459416667,"BPC",0.019916006,"Idioblast"
2.4638,"BPC",0.019763383,"Idioblast"
2.468183333,"BPC",0.018865045,"Idioblast"
2.47255,"BPC",0.01866881,"Idioblast"
2.476933333,"BPC",0.018905991,"Idioblast"
2.481316667,"BPC",0.01931629,"Idioblast"
2.4857,"BPC",0.027082444,"Idioblast"
2.490083333,"BPC",0.038840811,"Idioblast"
2.49445,"BPC",0.046538453,"Idioblast"
2.498833333,"BPC",0.051038944,"Idioblast"
2.503216667,"BPC",0.061751778,"Idioblast"
2.507583333,"BPC",0.059837199,"Idioblast"
2.511966667,"BPC",0.059519423,"Idioblast"
2.51635,"BPC",0.053908025,"Idioblast"
2.520733333,"BPC",0.048778668,"Idioblast"
2.525116667,"BPC",0.035069881,"Idioblast"
2.529483333,"BPC",0.045306234,"Idioblast"
2.533866667,"BPC",0.052902887,"Idioblast"
2.53825,"BPC",0.061305708,"Idioblast"
2.542633333,"BPC",0.069667245,"Idioblast"
2.547,"BPC",0.071379447,"Idioblast"
2.551383333,"BPC",0.060623484,"Idioblast"
2.555766667,"BPC",0.056503343,"Idioblast"
2.560133333,"BPC",0.04947579,"Idioblast"
2.564516667,"BPC",0.040803458,"Idioblast"
2.5689,"BPC",0.029865294,"Idioblast"
2.573283333,"BPC",0.022028619,"Idioblast"
2.57765,"BPC",0.019408305,"Idioblast"
2.582033333,"BPC",0.020061688,"Idioblast"
2.586416667,"BPC",0.018902442,"Idioblast"
2.5908,"BPC",0.018704402,"Idioblast"
2.59555,"BPC",0.019541704,"Idioblast"
2.599933333,"BPC",0.019136834,"Idioblast"
2.604316667,"BPC",0.018316901,"Idioblast"
2.608683333,"BPC",0.018865704,"Idioblast"
2.613066667,"BPC",0.019173702,"Idioblast"
2.61745,"BPC",0.021133641,"Idioblast"
2.621833333,"BPC",0.023952095,"Idioblast"
2.6262,"BPC",0.029501597,"Idioblast"
2.630583333,"BPC",0.029489115,"Idioblast"
2.634966667,"BPC",0.027610396,"Idioblast"
2.63935,"BPC",0.024997295,"Idioblast"
2.643716667,"BPC",0.020162229,"Idioblast"
2.6481,"BPC",0.018372683,"Idioblast"
2.652483333,"BPC",0.018645311,"Idioblast"
2.656866667,"BPC",0.019477392,"Idioblast"
2.661233333,"BPC",0.019715945,"Idioblast"
2.665616667,"BPC",0.018681749,"Idioblast"
2.67,"BPC",0.021790624,"Idioblast"
2.674383333,"BPC",0.028558931,"Idioblast"
2.679066667,"BPC",0.032473685,"Idioblast"
2.68345,"BPC",0.037695591,"Idioblast"
2.687833333,"BPC",0.031599575,"Idioblast"
2.692216667,"BPC",0.03188042,"Idioblast"
2.696583333,"BPC",0.025359513,"Idioblast"
2.700966667,"BPC",0.021172629,"Idioblast"
2.70535,"BPC",0.019832119,"Idioblast"
2.709733333,"BPC",0.020216961,"Idioblast"
2.7141,"BPC",0.020693142,"Idioblast"
2.718483333,"BPC",0.020301908,"Idioblast"
2.722866667,"BPC",0.020047496,"Idioblast"
2.72725,"BPC",0.019113774,"Idioblast"
2.731616667,"BPC",0.019582309,"Idioblast"
2.736,"BPC",0.019938185,"Idioblast"
2.740383333,"BPC",0.018597264,"Idioblast"
2.744766667,"BPC",0.02087778,"Idioblast"
2.749133333,"BPC",0.025414604,"Idioblast"
2.753516667,"BPC",0.030645823,"Idioblast"
2.7579,"BPC",0.031941955,"Idioblast"
2.762283333,"BPC",0.034091017,"Idioblast"
2.76665,"BPC",0.034603914,"Idioblast"
2.771033333,"BPC",0.030556452,"Idioblast"
2.775416667,"BPC",0.025905337,"Idioblast"
2.7798,"BPC",0.021681676,"Idioblast"
2.784166667,"BPC",0.019786876,"Idioblast"
2.78855,"BPC",0.018957043,"Idioblast"
2.792933333,"BPC",0.019497481,"Idioblast"
2.797316667,"BPC",0.020591259,"Idioblast"
2.801683333,"BPC",0.026804086,"Idioblast"
2.806066667,"BPC",0.035669708,"Idioblast"
2.81045,"BPC",0.042135975,"Idioblast"
2.814833333,"BPC",0.052256472,"Idioblast"
2.8192,"BPC",0.044218225,"Idioblast"
2.823583333,"BPC",0.042025247,"Idioblast"
2.827966667,"BPC",0.033792339,"Idioblast"
2.83235,"BPC",0.029859171,"Idioblast"
2.836716667,"BPC",0.024253177,"Idioblast"
2.8411,"BPC",0.021545342,"Idioblast"
2.845483333,"BPC",0.019628969,"Idioblast"
2.849866667,"BPC",0.020113223,"Idioblast"
2.854233333,"BPC",0.019676411,"Idioblast"
2.858616667,"BPC",0.020188848,"Idioblast"
2.863,"BPC",0.019392518,"Idioblast"
2.867383333,"BPC",0.020194328,"Idioblast"
2.87175,"BPC",0.020876038,"Idioblast"
2.876133333,"BPC",0.0200148,"Idioblast"
2.880516667,"BPC",0.019753542,"Idioblast"
2.8849,"BPC",0.020401142,"Idioblast"
2.889266667,"BPC",0.024150828,"Idioblast"
2.89365,"BPC",0.035280653,"Idioblast"
2.898033333,"BPC",0.04688179,"Idioblast"
2.902416667,"BPC",0.047415287,"Idioblast"
2.906783333,"BPC",0.048680649,"Idioblast"
2.911166667,"BPC",0.043207412,"Idioblast"
2.91555,"BPC",0.038442056,"Idioblast"
2.919933333,"BPC",0.031546075,"Idioblast"
2.9243,"BPC",0.027589709,"Idioblast"
2.928883333,"BPC",0.023269064,"Idioblast"
2.93325,"BPC",0.020094013,"Idioblast"
2.937633333,"BPC",0.021327201,"Idioblast"
2.942016667,"BPC",0.019161293,"Idioblast"
2.9464,"BPC",0.019354059,"Idioblast"
2.950766667,"BPC",0.019481742,"Idioblast"
2.95515,"BPC",0.031110476,"Idioblast"
2.959533333,"BPC",0.04361669,"Idioblast"
2.963916667,"BPC",0.053673896,"Idioblast"
2.968283333,"BPC",0.059438576,"Idioblast"
2.972666667,"BPC",0.061750935,"Idioblast"
2.97705,"BPC",0.061731059,"Idioblast"
2.981433333,"BPC",0.055524515,"Idioblast"
2.9858,"BPC",0.045231716,"Idioblast"
2.990183333,"BPC",0.037922911,"Idioblast"
2.994566667,"BPC",0.027861937,"Idioblast"
2.99895,"BPC",0.023553925,"Idioblast"
3.003316667,"BPC",0.02019636,"Idioblast"
3.0077,"BPC",0.030702908,"Idioblast"
3.012233333,"BPC",0.040590172,"Idioblast"
3.0166,"BPC",0.049505008,"Idioblast"
3.020983333,"BPC",0.050522591,"Idioblast"
3.025366667,"BPC",0.051445033,"Idioblast"
3.02975,"BPC",0.051621817,"Idioblast"
3.034116667,"BPC",0.044993979,"Idioblast"
3.0385,"BPC",0.03986114,"Idioblast"
3.042883333,"BPC",0.032484987,"Idioblast"
3.047266667,"BPC",0.026694695,"Idioblast"
3.051633333,"BPC",0.021168788,"Idioblast"
3.056016667,"BPC",0.021188559,"Idioblast"
3.0604,"BPC",0.020035947,"Idioblast"
3.064783333,"BPC",0.021040095,"Idioblast"
3.06915,"BPC",0.021530542,"Idioblast"
3.073533333,"BPC",0.021197401,"Idioblast"
3.077916667,"BPC",0.020912829,"Idioblast"
3.0823,"BPC",0.021422399,"Idioblast"
3.086683333,"BPC",0.020924808,"Idioblast"
3.09105,"BPC",0.022803829,"Idioblast"
3.095716667,"BPC",0.021787848,"Idioblast"
3.1001,"BPC",0.021690134,"Idioblast"
3.104483333,"BPC",0.021158008,"Idioblast"
3.10885,"BPC",0.022480674,"Idioblast"
3.113233333,"BPC",0.022221249,"Idioblast"
3.117616667,"BPC",0.020303524,"Idioblast"
3.122,"BPC",0.020646575,"Idioblast"
3.126366667,"BPC",0.019994169,"Idioblast"
3.13075,"BPC",0.022032676,"Idioblast"
3.135133333,"BPC",0.021758262,"Idioblast"
3.139516667,"BPC",0.022071706,"Idioblast"
3.143883333,"BPC",0.021483956,"Idioblast"
3.148266667,"BPC",0.02015223,"Idioblast"
3.15265,"BPC",0.021941595,"Idioblast"
3.157033333,"BPC",0.022158732,"Idioblast"
3.1614,"BPC",0.021863836,"Idioblast"
3.165783333,"BPC",0.021301712,"Idioblast"
3.170166667,"BPC",0.020696163,"Idioblast"
3.17455,"BPC",0.021501284,"Idioblast"
3.179,"BPC",0.019891034,"Idioblast"
3.183383333,"BPC",0.021270609,"Idioblast"
3.18775,"BPC",0.020458056,"Idioblast"
3.192133333,"BPC",0.02088401,"Idioblast"
3.196516667,"BPC",0.020894546,"Idioblast"
3.2009,"BPC",0.023250974,"Idioblast"
3.205266667,"BPC",0.060242898,"Idioblast"
3.20965,"BPC",0.122362534,"Idioblast"
3.214033333,"BPC",0.198,"Idioblast"
3.218416667,"BPC",0.246,"Idioblast"
3.222783333,"BPC",0.268,"Idioblast"
3.227166667,"BPC",0.28,"Idioblast"
3.23155,"BPC",0.255,"Idioblast"
3.235933333,"BPC",0.253,"Idioblast"
3.2403,"BPC",0.202,"Idioblast"
3.244683333,"BPC",0.163,"Idioblast"
3.249066667,"BPC",0.129299746,"Idioblast"
3.25345,"BPC",0.089097697,"Idioblast"
3.257816667,"BPC",0.065747363,"Idioblast"
3.2622,"BPC",0.047478958,"Idioblast"
3.266583333,"BPC",0.041516857,"Idioblast"
3.270966667,"BPC",0.045404121,"Idioblast"
3.275333333,"BPC",0.0538025,"Idioblast"
3.279716667,"BPC",0.048447372,"Idioblast"
3.2841,"BPC",0.073231331,"Idioblast"
3.288483333,"BPC",0.16,"Idioblast"
3.29285,"BPC",0.287,"Idioblast"
3.297233333,"BPC",0.429,"Idioblast"
3.301616667,"BPC",0.458,"Idioblast"
3.306,"BPC",0.511,"Idioblast"
3.310366667,"BPC",0.471,"Idioblast"
3.31475,"BPC",0.448,"Idioblast"
3.319133333,"BPC",0.387,"Idioblast"
3.323516667,"BPC",0.319,"Idioblast"
3.327883333,"BPC",0.272,"Idioblast"
3.332266667,"BPC",0.206,"Idioblast"
3.33665,"BPC",0.139957294,"Idioblast"
3.341033333,"BPC",0.098392418,"Idioblast"
3.3454,"BPC",0.077620329,"Idioblast"
3.349783333,"BPC",0.048029203,"Idioblast"
3.354166667,"BPC",0.033506137,"Idioblast"
3.35855,"BPC",0.022652392,"Idioblast"
3.362916667,"BPC",0.022087474,"Idioblast"
3.3673,"BPC",0.020844122,"Idioblast"
3.371683333,"BPC",0.021841807,"Idioblast"
3.376066667,"BPC",0.021107993,"Idioblast"
3.380433333,"BPC",0.021998047,"Idioblast"
3.384816667,"BPC",0.021362145,"Idioblast"
3.3892,"BPC",0.020135612,"Idioblast"
3.393583333,"BPC",0.022079132,"Idioblast"
3.39795,"BPC",0.021313148,"Idioblast"
3.402333333,"BPC",0.020606315,"Idioblast"
3.406716667,"BPC",0.025925477,"Idioblast"
3.4111,"BPC",0.05095453,"Idioblast"
3.415466667,"BPC",0.073034621,"Idioblast"
3.41985,"BPC",0.084182347,"Idioblast"
3.424233333,"BPC",0.098840545,"Idioblast"
3.428616667,"BPC",0.088189489,"Idioblast"
3.432983333,"BPC",0.08586956,"Idioblast"
3.437366667,"BPC",0.081648582,"Idioblast"
3.44175,"BPC",0.071136508,"Idioblast"
3.446133333,"BPC",0.064758816,"Idioblast"
3.4505,"BPC",0.056556232,"Idioblast"
3.454883333,"BPC",0.045003392,"Idioblast"
3.459266667,"BPC",0.037416856,"Idioblast"
3.46365,"BPC",0.033277111,"Idioblast"
3.468016667,"BPC",0.025858377,"Idioblast"
3.4724,"BPC",0.021831351,"Idioblast"
3.476783333,"BPC",0.021832443,"Idioblast"
3.481166667,"BPC",0.022897317,"Idioblast"
3.485533333,"BPC",0.022036875,"Idioblast"
3.489916667,"BPC",0.022661943,"Idioblast"
3.4943,"BPC",0.02182383,"Idioblast"
3.498683333,"BPC",0.022029862,"Idioblast"
3.50305,"BPC",0.021405952,"Idioblast"
3.507433333,"BPC",0.021815633,"Idioblast"
3.512066667,"BPC",0.021892448,"Idioblast"
3.51645,"BPC",0.021562884,"Idioblast"
3.520816667,"BPC",0.021674852,"Idioblast"
3.5252,"BPC",0.031000897,"Idioblast"
3.529583333,"BPC",0.02675656,"Idioblast"
3.533966667,"BPC",0.025015257,"Idioblast"
3.538333333,"BPC",0.028707815,"Idioblast"
3.542716667,"BPC",0.026803256,"Idioblast"
3.5471,"BPC",0.022171258,"Idioblast"
3.551483333,"BPC",0.023053125,"Idioblast"
3.55585,"BPC",0.023157865,"Idioblast"
3.5602333329999998,"BPC",0.02265642,"Idioblast"
3.564616667,"BPC",0.022279286,"Idioblast"
3.569,"BPC",0.02160334,"Idioblast"
3.573366667,"BPC",0.023034788,"Idioblast"
3.57775,"BPC",0.02254509,"Idioblast"
3.582133333,"BPC",0.021905241,"Idioblast"
3.586516667,"BPC",0.023041203,"Idioblast"
3.590883333,"BPC",0.022353825,"Idioblast"
3.595533333,"BPC",0.022099881,"Idioblast"
3.599916667,"BPC",0.022274026,"Idioblast"
3.6043,"BPC",0.022104511,"Idioblast"
3.608683333,"BPC",0.022459309,"Idioblast"
3.61305,"BPC",0.022195529,"Idioblast"
3.617433333,"BPC",0.037885476,"Idioblast"
3.621816667,"BPC",0.077814582,"Idioblast"
3.6262,"BPC",0.122799005,"Idioblast"
3.630566667,"BPC",0.148,"Idioblast"
3.63495,"BPC",0.19,"Idioblast"
3.639333333,"BPC",0.176,"Idioblast"
3.643716667,"BPC",0.138442123,"Idioblast"
3.648083333,"BPC",0.12320998,"Idioblast"
3.652466667,"BPC",0.12321575,"Idioblast"
3.65685,"BPC",0.137901594,"Idioblast"
3.661233333,"BPC",0.184,"Idioblast"
3.6656,"BPC",0.175,"Idioblast"
3.669983333,"BPC",0.192,"Idioblast"
3.674366667,"BPC",0.173,"Idioblast"
3.67875,"BPC",0.140919495,"Idioblast"
3.683116667,"BPC",0.112734565,"Idioblast"
3.6875,"BPC",0.08622887,"Idioblast"
3.691883333,"BPC",0.065552125,"Idioblast"
3.696266667,"BPC",0.049315001,"Idioblast"
3.700633333,"BPC",0.034214972,"Idioblast"
3.705016667,"BPC",0.031984699,"Idioblast"
3.7094,"BPC",0.033071766,"Idioblast"
3.713783333,"BPC",0.032338856,"Idioblast"
3.71815,"BPC",0.032811183,"Idioblast"
3.722533333,"BPC",0.034066028,"Idioblast"
3.726916667,"BPC",0.034813347,"Idioblast"
3.7313,"BPC",0.031532216,"Idioblast"
3.735666667,"BPC",0.034594058,"Idioblast"
3.74005,"BPC",0.032485615,"Idioblast"
3.744433333,"BPC",0.030163726,"Idioblast"
3.748816667,"BPC",0.029848816,"Idioblast"
3.753183333,"BPC",0.026501651,"Idioblast"
3.757566667,"BPC",0.023885322,"Idioblast"
3.76195,"BPC",0.022350341,"Idioblast"
3.766333333,"BPC",0.022301371,"Idioblast"
3.7707,"BPC",0.023702634,"Idioblast"
3.775083333,"BPC",0.022829347,"Idioblast"
3.779466667,"BPC",0.022273564,"Idioblast"
3.78385,"BPC",0.022961103,"Idioblast"
3.788216667,"BPC",0.022912122,"Idioblast"
3.7926,"BPC",0.022360577,"Idioblast"
3.796983333,"BPC",0.022039427,"Idioblast"
3.801366667,"BPC",0.022895439,"Idioblast"
3.805733333,"BPC",0.024101804,"Idioblast"
3.810116667,"BPC",0.023298341,"Idioblast"
3.8145,"BPC",0.023257907,"Idioblast"
3.818883333,"BPC",0.023000809,"Idioblast"
3.82325,"BPC",0.023883585,"Idioblast"
3.827633333,"BPC",0.023165114,"Idioblast"
3.832016667,"BPC",0.025318072,"Idioblast"
3.8364,"BPC",0.023020699,"Idioblast"
3.840766667,"BPC",0.040875184,"Idioblast"
3.84515,"BPC",0.053379424,"Idioblast"
3.849533333,"BPC",0.072692188,"Idioblast"
3.853916667,"BPC",0.110130809,"Idioblast"
3.858283333,"BPC",0.140208389,"Idioblast"
3.862666667,"BPC",0.169,"Idioblast"
3.86705,"BPC",0.196,"Idioblast"
3.871433333,"BPC",0.218,"Idioblast"
3.8758,"BPC",0.238,"Idioblast"
3.880183333,"BPC",0.241,"Idioblast"
3.884566667,"BPC",0.213,"Idioblast"
3.88895,"BPC",0.193,"Idioblast"
3.893316667,"BPC",0.153,"Idioblast"
3.8977,"BPC",0.12664004,"Idioblast"
3.902083333,"BPC",0.107239284,"Idioblast"
3.906466667,"BPC",0.082121477,"Idioblast"
3.910833333,"BPC",0.068041132,"Idioblast"
3.915216667,"BPC",0.052414348,"Idioblast"
3.9196,"BPC",0.042378143,"Idioblast"
3.923983333,"BPC",0.029609403,"Idioblast"
3.92835,"BPC",0.027465227,"Idioblast"
3.932733333,"BPC",0.025020668,"Idioblast"
3.937116667,"BPC",0.023370558,"Idioblast"
3.9415,"BPC",0.024468466,"Idioblast"
3.945866667,"BPC",0.023512387,"Idioblast"
3.95025,"BPC",0.024429064,"Idioblast"
3.954633333,"BPC",0.023426302,"Idioblast"
3.959016667,"BPC",0.039468988000000003,"Idioblast"
3.963383333,"BPC",0.064328737,"Idioblast"
3.967766667,"BPC",0.084363016,"Idioblast"
3.97215,"BPC",0.085073158,"Idioblast"
3.976533333,"BPC",0.124099633,"Idioblast"
3.9809,"BPC",0.156,"Idioblast"
3.985283333,"BPC",0.169,"Idioblast"
3.989666667,"BPC",0.165,"Idioblast"
3.99405,"BPC",0.155,"Idioblast"
3.998416667,"BPC",0.135218892,"Idioblast"
4.0028,"BPC",0.11315868,"Idioblast"
4.007183333,"BPC",0.09791256,"Idioblast"
4.011566667,"BPC",0.072456419,"Idioblast"
4.015933333,"BPC",0.051052807,"Idioblast"
4.020316667,"BPC",0.037945175,"Idioblast"
4.0247,"BPC",0.02720429,"Idioblast"
4.029083333,"BPC",0.02298382,"Idioblast"
4.03345,"BPC",0.022477597,"Idioblast"
4.037833333,"BPC",0.022899595,"Idioblast"
4.042216667,"BPC",0.022969688,"Idioblast"
4.0466,"BPC",0.022772128,"Idioblast"
4.050966667,"BPC",0.023542928,"Idioblast"
4.05535,"BPC",0.023507697,"Idioblast"
4.059733333,"BPC",0.02325412,"Idioblast"
4.064116667,"BPC",0.023766552,"Idioblast"
4.068483333,"BPC",0.024332708,"Idioblast"
4.072866667,"BPC",0.022799535,"Idioblast"
4.07725,"BPC",0.021877693,"Idioblast"
4.081616667,"BPC",0.023390536,"Idioblast"
4.086,"BPC",0.025147391,"Idioblast"
4.090383333,"BPC",0.02443521,"Idioblast"
4.094766667,"BPC",0.023677621,"Idioblast"
4.099133333,"BPC",0.02380998,"Idioblast"
4.103516667,"BPC",0.023371544,"Idioblast"
4.1079,"BPC",0.0228111,"Idioblast"
4.112283333,"BPC",0.023042992,"Idioblast"
4.11665,"BPC",0.023043782,"Idioblast"
4.121033333,"BPC",0.024415182,"Idioblast"
4.125416667,"BPC",0.023745732,"Idioblast"
4.1298,"BPC",0.024000909,"Idioblast"
4.134166667,"BPC",0.029918564,"Idioblast"
4.13855,"BPC",0.035229088,"Idioblast"
4.142933333,"BPC",0.040111125,"Idioblast"
4.147316667,"BPC",0.040538811,"Idioblast"
4.1517,"BPC",0.036201395,"Idioblast"
4.156066667,"BPC",0.034178038,"Idioblast"
4.16045,"BPC",0.027594335,"Idioblast"
4.164833333,"BPC",0.022654669,"Idioblast"
4.1692,"BPC",0.023053839,"Idioblast"
4.173583333,"BPC",0.022753656,"Idioblast"
4.177966667,"BPC",0.024362784,"Idioblast"
4.18235,"BPC",0.025136726,"Idioblast"
4.186716667,"BPC",0.023215753,"Idioblast"
4.1911,"BPC",0.023293577,"Idioblast"
4.195483333,"BPC",0.023936251,"Idioblast"
4.199866667,"BPC",0.023623955,"Idioblast"
4.204233333,"BPC",0.023730682,"Idioblast"
4.208616667,"BPC",0.023915373,"Idioblast"
4.213,"BPC",0.023465285,"Idioblast"
4.217383333,"BPC",0.025472778,"Idioblast"
4.22175,"BPC",0.023885438,"Idioblast"
4.226133333,"BPC",0.024024107,"Idioblast"
4.230516667,"BPC",0.024207271,"Idioblast"
4.2349,"BPC",0.02364672,"Idioblast"
4.239266667,"BPC",0.023047172,"Idioblast"
4.24365,"BPC",0.023201746,"Idioblast"
4.248033333,"BPC",0.023040336,"Idioblast"
4.252416667,"BPC",0.024150617,"Idioblast"
4.256783333,"BPC",0.024341208,"Idioblast"
4.261166667,"BPC",0.024317097,"Idioblast"
4.26555,"BPC",0.024822807,"Idioblast"
4.269933333,"BPC",0.023869178,"Idioblast"
4.2743,"BPC",0.024644989,"Idioblast"
4.278683333,"BPC",0.024430245,"Idioblast"
4.283066667,"BPC",0.02361346,"Idioblast"
4.28745,"BPC",0.025393901,"Idioblast"
4.291816667,"BPC",0.026445635,"Idioblast"
4.2962,"BPC",0.025029785,"Idioblast"
4.300583333,"BPC",0.023951515,"Idioblast"
4.304966667,"BPC",0.025184766,"Idioblast"
4.309333333,"BPC",0.026217424,"Idioblast"
4.313716667,"BPC",0.025524773,"Idioblast"
4.3181,"BPC",0.025159229,"Idioblast"
4.322483333,"BPC",0.023193335,"Idioblast"
4.32685,"BPC",0.023761444,"Idioblast"
4.331233333,"BPC",0.024803976,"Idioblast"
4.335616667,"BPC",0.02611331,"Idioblast"
4.34,"BPC",0.030625661,"Idioblast"
4.344366667,"BPC",0.043042641,"Idioblast"
4.34875,"BPC",0.058893959,"Idioblast"
4.353133333,"BPC",0.056956422,"Idioblast"
4.357516667,"BPC",0.064679933,"Idioblast"
4.361883333,"BPC",0.067490026,"Idioblast"
4.366266667,"BPC",0.059695396,"Idioblast"
4.37065,"BPC",0.052884661,"Idioblast"
4.375033333,"BPC",0.042061538,"Idioblast"
4.3794,"BPC",0.034483237,"Idioblast"
4.383783333,"BPC",0.029496705,"Idioblast"
4.388166667,"BPC",0.023939926,"Idioblast"
4.39255,"BPC",0.02457902,"Idioblast"
4.396916667,"BPC",0.024078014,"Idioblast"
4.4013,"BPC",0.025326182,"Idioblast"
4.405683333,"BPC",0.024528158,"Idioblast"
4.410066667,"BPC",0.024129909,"Idioblast"
4.414433333,"BPC",0.024808627,"Idioblast"
4.418816667,"BPC",0.025037423,"Idioblast"
4.4232,"BPC",0.024155708,"Idioblast"
4.427583333,"BPC",0.023726641,"Idioblast"
4.43195,"BPC",0.025090902000000002,"Idioblast"
4.436333333,"BPC",0.026031285,"Idioblast"
4.440716667,"BPC",0.024383251,"Idioblast"
4.4451,"BPC",0.025307014,"Idioblast"
4.449466667,"BPC",0.026161439,"Idioblast"
4.45385,"BPC",0.024297209,"Idioblast"
4.458233333,"BPC",0.023509998,"Idioblast"
4.462616667,"BPC",0.024101617,"Idioblast"
4.466983333,"BPC",0.023524139,"Idioblast"
4.471366667,"BPC",0.024034286,"Idioblast"
4.47575,"BPC",0.023965902,"Idioblast"
4.480133333,"BPC",0.024904218,"Idioblast"
4.4845,"BPC",0.023986078,"Idioblast"
4.488883333,"BPC",0.025813956,"Idioblast"
4.493266667,"BPC",0.023866608,"Idioblast"
4.49765,"BPC",0.022547967,"Idioblast"
4.502016667,"BPC",0.023225795,"Idioblast"
4.5064,"BPC",0.02515833,"Idioblast"
4.510783333,"BPC",0.023946444,"Idioblast"
4.515166667,"BPC",0.024278086,"Idioblast"
4.519533333,"BPC",0.02442201,"Idioblast"
4.523916667,"BPC",0.033804027,"Idioblast"
4.5283,"BPC",0.062470154,"Idioblast"
4.532683333,"BPC",0.082383728,"Idioblast"
4.53705,"BPC",0.111150538,"Idioblast"
4.541433333,"BPC",0.108344502,"Idioblast"
4.545816667,"BPC",0.115962566,"Idioblast"
4.5502,"BPC",0.094377871,"Idioblast"
4.554566667,"BPC",0.093350199,"Idioblast"
4.55895,"BPC",0.085178223,"Idioblast"
4.563333333,"BPC",0.061639642,"Idioblast"
4.567716667,"BPC",0.050062705,"Idioblast"
4.572083333,"BPC",0.038829266,"Idioblast"
4.576466667,"BPC",0.029927002,"Idioblast"
4.58085,"BPC",0.025124665,"Idioblast"
4.585233333,"BPC",0.023407094,"Idioblast"
4.5896,"BPC",0.024255621,"Idioblast"
4.593983333,"BPC",0.025457698,"Idioblast"
4.598366667,"BPC",0.023783707,"Idioblast"
4.60275,"BPC",0.024480593,"Idioblast"
4.607116667,"BPC",0.024076177,"Idioblast"
4.6115,"BPC",0.025598606,"Idioblast"
4.615883333,"BPC",0.02534908,"Idioblast"
4.620266667,"BPC",0.025455459,"Idioblast"
4.624633333,"BPC",0.02471059,"Idioblast"
4.629016667,"BPC",0.024051766,"Idioblast"
4.6334,"BPC",0.023885429,"Idioblast"
4.637783333,"BPC",0.024906314,"Idioblast"
4.64215,"BPC",0.023677942,"Idioblast"
4.646533333,"BPC",0.026579002,"Idioblast"
4.650916667,"BPC",0.025674446,"Idioblast"
4.6553,"BPC",0.024795196,"Idioblast"
4.659666667,"BPC",0.026015765,"Idioblast"
4.66405,"BPC",0.024681013,"Idioblast"
4.668433333,"BPC",0.025397645,"Idioblast"
4.672816667,"BPC",0.026019861,"Idioblast"
4.677183333,"BPC",0.025303474,"Idioblast"
4.681566667,"BPC",0.026033133,"Idioblast"
4.68595,"BPC",0.026570413,"Idioblast"
4.690333333,"BPC",0.025511539,"Idioblast"
4.6947,"BPC",0.026975101,"Idioblast"
4.699083333,"BPC",0.031772777,"Idioblast"
4.703466667,"BPC",0.036955488,"Idioblast"
4.70785,"BPC",0.032507416,"Idioblast"
4.712216667,"BPC",0.028551123,"Idioblast"
4.7166,"BPC",0.026788301,"Idioblast"
4.720983333,"BPC",0.025364271,"Idioblast"
4.725366667,"BPC",0.026053998,"Idioblast"
4.729733333,"BPC",0.025695634,"Idioblast"
4.734116667,"BPC",0.022618059,"Idioblast"
4.7385,"BPC",0.025560779,"Idioblast"
4.742883333,"BPC",0.025051205,"Idioblast"
4.74725,"BPC",0.024878573,"Idioblast"
4.751633333,"BPC",0.02472545,"Idioblast"
4.756016667,"BPC",0.024251704,"Idioblast"
4.7604,"BPC",0.025740502,"Idioblast"
4.764766667,"BPC",0.025547465,"Idioblast"
4.76915,"BPC",0.024871642,"Idioblast"
4.773533333,"BPC",0.025456804,"Idioblast"
4.777916667,"BPC",0.024615468,"Idioblast"
4.782283333,"BPC",0.025453249,"Idioblast"
4.786666667,"BPC",0.026799721,"Idioblast"
4.79105,"BPC",0.025514164,"Idioblast"
4.795433333,"BPC",0.024474816,"Idioblast"
4.7998,"BPC",0.024714093,"Idioblast"
4.804183333,"BPC",0.024874375,"Idioblast"
4.808566667,"BPC",0.026858431,"Idioblast"
4.81295,"BPC",0.025332768,"Idioblast"
4.817316667,"BPC",0.025188757,"Idioblast"
4.8217,"BPC",0.024849759,"Idioblast"
4.826083333,"BPC",0.027928118,"Idioblast"
4.830466667,"BPC",0.03174251,"Idioblast"
4.834833333,"BPC",0.035741874,"Idioblast"
4.839216667,"BPC",0.051375453,"Idioblast"
4.8436,"BPC",0.051740091,"Idioblast"
4.847983333,"BPC",0.054954833,"Idioblast"
4.85235,"BPC",0.059185388,"Idioblast"
4.856733333,"BPC",0.05248045,"Idioblast"
4.861116667,"BPC",0.056394497,"Idioblast"
4.8655,"BPC",0.085865603,"Idioblast"
4.869866667,"BPC",0.165,"Idioblast"
4.87425,"BPC",0.277,"Idioblast"
4.878633333,"BPC",0.369,"Idioblast"
4.883016667,"BPC",0.586,"Idioblast"
4.887383333,"BPC",0.522,"Idioblast"
4.891766667,"BPC",0.648,"Idioblast"
4.89615,"BPC",0.616,"Idioblast"
4.900533333,"BPC",0.494,"Idioblast"
4.9049,"BPC",0.493,"Idioblast"
4.909283333,"BPC",0.415,"Idioblast"
4.913666667,"BPC",0.387,"Idioblast"
4.91805,"BPC",0.318,"Idioblast"
4.922416667,"BPC",0.28,"Idioblast"
4.9268,"BPC",0.269,"Idioblast"
4.931183333,"BPC",0.145,"Idioblast"
4.935566667,"BPC",0.091925081,"Idioblast"
4.939933333,"BPC",0.064104138,"Idioblast"
4.944316667,"BPC",0.049970275,"Idioblast"
4.9487,"BPC",0.03427525,"Idioblast"
4.953083333,"BPC",0.026410976,"Idioblast"
4.95745,"BPC",0.025583705,"Idioblast"
4.961833333,"BPC",0.025716769,"Idioblast"
4.966216667,"BPC",0.025501628,"Idioblast"
4.9706,"BPC",0.024901339,"Idioblast"
4.974966667,"BPC",0.024646393,"Idioblast"
4.97935,"BPC",0.025485271,"Idioblast"
4.983733333,"BPC",0.024453045,"Idioblast"
4.988116667,"BPC",0.026428489,"Idioblast"
4.992483333,"BPC",0.02642868,"Idioblast"
4.996866667,"BPC",0.024840631,"Idioblast"
5.00125,"BPC",0.025664381,"Idioblast"
5.005633333,"BPC",0.026163483,"Idioblast"
5.01,"BPC",0.026251506,"Idioblast"
5.014383333,"BPC",0.024890621,"Idioblast"
5.018766667,"BPC",0.024626212,"Idioblast"
5.02315,"BPC",0.026821393,"Idioblast"
5.027516667,"BPC",0.024586949,"Idioblast"
5.0319,"BPC",0.024321677,"Idioblast"
5.036283333,"BPC",0.02534569,"Idioblast"
5.040666667,"BPC",0.025017917,"Idioblast"
5.045033333,"BPC",0.025150492,"Idioblast"
5.049416667,"BPC",0.024582516,"Idioblast"
5.0538,"BPC",0.025731578,"Idioblast"
5.058183333,"BPC",0.02684868,"Idioblast"
5.06255,"BPC",0.025295216,"Idioblast"
5.066933333,"BPC",0.023503281,"Idioblast"
5.071316667,"BPC",0.025906337,"Idioblast"
5.0757,"BPC",0.024045679,"Idioblast"
5.080066667,"BPC",0.024576218,"Idioblast"
5.08445,"BPC",0.025117473,"Idioblast"
5.088833333,"BPC",0.025051021,"Idioblast"
5.093216667,"BPC",0.026085474,"Idioblast"
5.097583333,"BPC",0.024827271,"Idioblast"
5.101966667,"BPC",0.024453417,"Idioblast"
5.10635,"BPC",0.026491336,"Idioblast"
5.110733333,"BPC",0.025836105,"Idioblast"
5.1151,"BPC",0.025964254,"Idioblast"
5.119483333,"BPC",0.025428552,"Idioblast"
5.123866667,"BPC",0.02601767,"Idioblast"
5.12825,"BPC",0.025339658,"Idioblast"
5.132616667,"BPC",0.025522872,"Idioblast"
5.137,"BPC",0.025129963,"Idioblast"
5.141383333,"BPC",0.025189525,"Idioblast"
5.145766667,"BPC",0.024361202,"Idioblast"
5.150133333,"BPC",0.027394179,"Idioblast"
5.154516667,"BPC",0.026129393,"Idioblast"
5.1589,"BPC",0.027452366,"Idioblast"
5.163283333,"BPC",0.02550321,"Idioblast"
5.16765,"BPC",0.024482,"Idioblast"
5.172033333,"BPC",0.023917123,"Idioblast"
5.176416667,"BPC",0.023679599,"Idioblast"
5.1808,"BPC",0.024958827,"Idioblast"
5.185166667,"BPC",0.025104673,"Idioblast"
5.18955,"BPC",0.025770555,"Idioblast"
5.193933333,"BPC",0.024634471,"Idioblast"
5.198316667,"BPC",0.024350111,"Idioblast"
5.202683333,"BPC",0.026030692,"Idioblast"
5.207066667,"BPC",0.025951502,"Idioblast"
5.21145,"BPC",0.026272449,"Idioblast"
5.215833333,"BPC",0.024456147,"Idioblast"
5.2202,"BPC",0.025178546,"Idioblast"
5.224583333,"BPC",0.028682379,"Idioblast"
5.228966667,"BPC",0.025291204,"Idioblast"
5.23335,"BPC",0.025802085,"Idioblast"
5.237716667,"BPC",0.02631224,"Idioblast"
5.2421,"BPC",0.023479447,"Idioblast"
5.246483333,"BPC",0.025252722,"Idioblast"
5.250866667,"BPC",0.024584128,"Idioblast"
5.255233333,"BPC",0.026676173,"Idioblast"
5.259616667,"BPC",0.023931086,"Idioblast"
5.264,"BPC",0.026298371,"Idioblast"
5.268383333,"BPC",0.024707024,"Idioblast"
5.27275,"BPC",0.023766147,"Idioblast"
5.277133333,"BPC",0.026399613,"Idioblast"
5.281516667,"BPC",0.025953922,"Idioblast"
5.2859,"BPC",0.025382997,"Idioblast"
5.290266667,"BPC",0.026421089,"Idioblast"
5.29465,"BPC",0.026028346,"Idioblast"
5.299033333,"BPC",0.025920783,"Idioblast"
5.303416667,"BPC",0.039861608,"Idioblast"
5.307783333,"BPC",0.052118319,"Idioblast"
5.312166667,"BPC",0.056732016,"Idioblast"
5.31655,"BPC",0.078559626,"Idioblast"
5.320933333,"BPC",0.112235424,"Idioblast"
5.3253,"BPC",0.162,"Idioblast"
5.329683333,"BPC",0.178,"Idioblast"
5.334066667,"BPC",0.177,"Idioblast"
5.33845,"BPC",0.144,"Idioblast"
5.342816667,"BPC",0.141791223,"Idioblast"
5.3472,"BPC",0.132463413,"Idioblast"
5.351583333,"BPC",0.099872794,"Idioblast"
5.355966667,"BPC",0.089891821,"Idioblast"
5.360333333,"BPC",0.073264512,"Idioblast"
5.364716667,"BPC",0.056421179,"Idioblast"
5.3691,"BPC",0.077330975,"Idioblast"
5.373483333,"BPC",0.108019667,"Idioblast"
5.37785,"BPC",0.13185208,"Idioblast"
5.382233333,"BPC",0.173,"Idioblast"
5.386616667,"BPC",0.157,"Idioblast"
5.391,"BPC",0.142618199,"Idioblast"
5.395366667,"BPC",0.149,"Idioblast"
5.39975,"BPC",0.118113268,"Idioblast"
5.404133333,"BPC",0.10390334,"Idioblast"
5.408516667,"BPC",0.078557855,"Idioblast"
5.412883333,"BPC",0.059482578,"Idioblast"
5.417266667,"BPC",0.044268993,"Idioblast"
5.42165,"BPC",0.03344892,"Idioblast"
5.426033333,"BPC",0.028230665,"Idioblast"
5.4304,"BPC",0.027388145,"Idioblast"
5.434783333,"BPC",0.02533661,"Idioblast"
5.439166667,"BPC",0.025013187,"Idioblast"
5.44355,"BPC",0.023459725,"Idioblast"
5.447916667,"BPC",0.026724482,"Idioblast"
5.4523,"BPC",0.02582395,"Idioblast"
5.456683333,"BPC",0.024414088,"Idioblast"
5.461066667,"BPC",0.026237574,"Idioblast"
5.465433333,"BPC",0.025659903,"Idioblast"
5.469816667,"BPC",0.027854803,"Idioblast"
5.4742,"BPC",0.026304713,"Idioblast"
5.4785833330000004,"BPC",0.025007465,"Idioblast"
5.48295,"BPC",0.024920744,"Idioblast"
5.487333333,"BPC",0.025630806,"Idioblast"
5.491716667,"BPC",0.025401309,"Idioblast"
5.4961,"BPC",0.026048379,"Idioblast"
5.500466667,"BPC",0.025481832,"Idioblast"
5.50485,"BPC",0.025290984,"Idioblast"
5.509233333,"BPC",0.024851903,"Idioblast"
5.513616667,"BPC",0.027823069,"Idioblast"
5.517983333,"BPC",0.0266686,"Idioblast"
5.522366667,"BPC",0.026358682,"Idioblast"
5.52675,"BPC",0.02474453,"Idioblast"
5.531133333,"BPC",0.025918721,"Idioblast"
5.5355,"BPC",0.027666811,"Idioblast"
5.539883333,"BPC",0.025562573,"Idioblast"
5.544266667,"BPC",0.026467797,"Idioblast"
5.54865,"BPC",0.025428996,"Idioblast"
5.553016667,"BPC",0.026632984,"Idioblast"
5.5574,"BPC",0.02418527,"Idioblast"
5.561783333,"BPC",0.025243716,"Idioblast"
5.566166667,"BPC",0.02520591,"Idioblast"
5.570533333,"BPC",0.024393546,"Idioblast"
5.574916667,"BPC",0.027459116,"Idioblast"
5.5793,"BPC",0.027754221,"Idioblast"
5.583683333,"BPC",0.025434798,"Idioblast"
5.58805,"BPC",0.02725843,"Idioblast"
5.592433333,"BPC",0.02594438,"Idioblast"
5.596816667,"BPC",0.023335605,"Idioblast"
5.6012,"BPC",0.025413172,"Idioblast"
5.605566667,"BPC",0.025683697,"Idioblast"
5.60995,"BPC",0.025763434,"Idioblast"
5.614333333,"BPC",0.026601056,"Idioblast"
5.618716667,"BPC",0.02612216,"Idioblast"
5.623083333,"BPC",0.027940625,"Idioblast"
5.627466667,"BPC",0.026093041,"Idioblast"
5.63185,"BPC",0.027350557,"Idioblast"
5.636233333,"BPC",0.027439375,"Idioblast"
5.6406,"BPC",0.02827381,"Idioblast"
5.644983333,"BPC",0.027054748,"Idioblast"
5.649366667,"BPC",0.026384149,"Idioblast"
5.65375,"BPC",0.026935456,"Idioblast"
5.658116667,"BPC",0.025842629,"Idioblast"
5.6625,"BPC",0.02518642,"Idioblast"
5.666883333,"BPC",0.026151969,"Idioblast"
5.671266667,"BPC",0.025503022,"Idioblast"
5.675633333,"BPC",0.025932416,"Idioblast"
5.680016667,"BPC",0.025319343,"Idioblast"
5.6844,"BPC",0.026371333,"Idioblast"
5.688783333,"BPC",0.025975762,"Idioblast"
5.69315,"BPC",0.025321934,"Idioblast"
5.697533333,"BPC",0.027903026,"Idioblast"
5.701916667,"BPC",0.026554351,"Idioblast"
5.7063,"BPC",0.025377321,"Idioblast"
5.710666667,"BPC",0.025477538,"Idioblast"
5.71505,"BPC",0.026143438,"Idioblast"
5.719433333,"BPC",0.024969354,"Idioblast"
5.723816667,"BPC",0.025238132,"Idioblast"
5.728183333,"BPC",0.026291525,"Idioblast"
5.732566667,"BPC",0.02671703,"Idioblast"
5.73695,"BPC",0.026163956,"Idioblast"
5.741333333,"BPC",0.026390732,"Idioblast"
5.7457,"BPC",0.026854988,"Idioblast"
5.750083333,"BPC",0.025569517,"Idioblast"
5.754466667,"BPC",0.026283835,"Idioblast"
5.75885,"BPC",0.025777575,"Idioblast"
5.763216667,"BPC",0.026220549,"Idioblast"
5.7676,"BPC",0.026788595,"Idioblast"
5.771983333,"BPC",0.026067928,"Idioblast"
5.776366667,"BPC",0.027375528,"Idioblast"
5.780733333,"BPC",0.024981415,"Idioblast"
5.785116667,"BPC",0.025970584,"Idioblast"
5.7895,"BPC",0.025613677,"Idioblast"
5.793883333,"BPC",0.027764525,"Idioblast"
5.79825,"BPC",0.025969072,"Idioblast"
5.802633333,"BPC",0.027287931,"Idioblast"
5.807016667,"BPC",0.026628216,"Idioblast"
5.8114,"BPC",0.024856476,"Idioblast"
5.815766667,"BPC",0.025525187,"Idioblast"
5.82015,"BPC",0.026245747,"Idioblast"
5.824533333,"BPC",0.025585761,"Idioblast"
5.828916667,"BPC",0.026346968,"Idioblast"
5.833283333,"BPC",0.024849889,"Idioblast"
5.837666667,"BPC",0.024072508,"Idioblast"
5.84205,"BPC",0.024193088,"Idioblast"
5.846433333,"BPC",0.025075006,"Idioblast"
5.8508,"BPC",0.025263199,"Idioblast"
5.855183333,"BPC",0.025080202,"Idioblast"
5.859566667,"BPC",0.024926259,"Idioblast"
5.86395,"BPC",0.024785883,"Idioblast"
5.868316667,"BPC",0.023186607,"Idioblast"
5.8727,"BPC",0.025999309,"Idioblast"
5.877083333,"BPC",0.024842844,"Idioblast"
5.881466667,"BPC",0.027578519,"Idioblast"
5.885833333,"BPC",0.02476252,"Idioblast"
5.890216667,"BPC",0.024538387,"Idioblast"
5.8946,"BPC",0.024658063,"Idioblast"
5.898983333,"BPC",0.026206297,"Idioblast"
5.90335,"BPC",0.02461196,"Idioblast"
5.907733333,"BPC",0.026995014,"Idioblast"
5.912116667,"BPC",0.025347166,"Idioblast"
5.9165,"BPC",0.025499366,"Idioblast"
5.920866667,"BPC",0.025151121,"Idioblast"
5.92525,"BPC",0.032283974,"Idioblast"
5.929633333,"BPC",0.043248367,"Idioblast"
5.934016667,"BPC",0.055640543,"Idioblast"
5.938383333,"BPC",0.061213377,"Idioblast"
5.942766667,"BPC",0.062933721,"Idioblast"
5.94715,"BPC",0.077282717,"Idioblast"
5.951533333,"BPC",0.058152525,"Idioblast"
5.9559,"BPC",0.055759034,"Idioblast"
5.960283333,"BPC",0.048955287,"Idioblast"
5.964666667,"BPC",0.048700982,"Idioblast"
5.96905,"BPC",0.042146491,"Idioblast"
5.973416667,"BPC",0.039675864,"Idioblast"
5.9778,"BPC",0.030414003,"Idioblast"
5.982183333,"BPC",0.024553805,"Idioblast"
5.986566667,"BPC",0.023991115,"Idioblast"
5.990933333,"BPC",0.024253555,"Idioblast"
5.995316667,"BPC",0.026112424,"Idioblast"
5.9997,"BPC",0.026494329,"Idioblast"
6.004083333,"BPC",0.025226025,"Idioblast"
6.00845,"BPC",0.025461055,"Idioblast"
6.012833333,"BPC",0.025918185,"Idioblast"
6.017216667,"BPC",0.025142965,"Idioblast"
6.0216,"BPC",0.027082317,"Idioblast"
6.025966667,"BPC",0.026286592,"Idioblast"
6.03035,"BPC",0.026327065,"Idioblast"
6.034733333,"BPC",0.025270687,"Idioblast"
6.039116667,"BPC",0.025967698,"Idioblast"
6.043483333,"BPC",0.027048204,"Idioblast"
6.047866667,"BPC",0.025912811,"Idioblast"
6.05225,"BPC",0.025915164,"Idioblast"
6.056633333,"BPC",0.026481682,"Idioblast"
6.061,"BPC",0.026930053,"Idioblast"
6.065383333,"BPC",0.026368329,"Idioblast"
6.069766667,"BPC",0.042054628,"Idioblast"
6.07415,"BPC",0.087831001,"Idioblast"
6.078516667,"BPC",0.165,"Idioblast"
6.0829,"BPC",0.268,"Idioblast"
6.087283333,"BPC",0.401,"Idioblast"
6.091666667,"BPC",0.486,"Idioblast"
6.096033333,"BPC",0.65,"Idioblast"
6.100416667,"BPC",0.61,"Idioblast"
6.1048,"BPC",0.754,"Idioblast"
6.109166667,"BPC",0.837,"Idioblast"
6.11355,"BPC",0.733,"Idioblast"
6.117933333,"BPC",0.739,"Idioblast"
6.122316667,"BPC",0.679,"Idioblast"
6.1267,"BPC",0.621,"Idioblast"
6.131066667,"BPC",0.67,"Idioblast"
6.13545,"BPC",0.71,"Idioblast"
6.139833333,"BPC",0.564,"Idioblast"
6.144216667,"BPC",0.542,"Idioblast"
6.148583333,"BPC",0.848,"Idioblast"
6.152966667,"BPC",0.8,"Idioblast"
6.15735,"BPC",0.701,"Idioblast"
6.161716667,"BPC",0.722,"Idioblast"
6.1661,"BPC",0.678,"Idioblast"
6.170483333,"BPC",0.811,"Idioblast"
6.174866667,"BPC",0.567,"Idioblast"
6.179233333,"BPC",0.453,"Idioblast"
6.183616667,"BPC",0.361,"Idioblast"
6.188,"BPC",0.29,"Idioblast"
6.192383333,"BPC",0.231,"Idioblast"
6.19675,"BPC",0.173,"Idioblast"
6.201133333,"BPC",0.140784856,"Idioblast"
6.205516667,"BPC",0.119010449,"Idioblast"
6.2099,"BPC",0.089711588,"Idioblast"
6.214266667,"BPC",0.07600585,"Idioblast"
6.21865,"BPC",0.066702259,"Idioblast"
6.223033333,"BPC",0.054594706,"Idioblast"
6.227416667,"BPC",0.054979852,"Idioblast"
6.231783333,"BPC",0.048960872,"Idioblast"
6.236166667,"BPC",0.043407617,"Idioblast"
6.24055,"BPC",0.044319768,"Idioblast"
6.244933333,"BPC",0.042048661,"Idioblast"
6.2493,"BPC",0.034616248,"Idioblast"
6.253683333,"BPC",0.037327475,"Idioblast"
6.258066667,"BPC",0.038377965,"Idioblast"
6.26245,"BPC",0.031073127,"Idioblast"
6.266816667,"BPC",0.033961124,"Idioblast"
6.2712,"BPC",0.033902574,"Idioblast"
6.275583333,"BPC",0.032693806,"Idioblast"
6.279966667,"BPC",0.02977094,"Idioblast"
6.284333333,"BPC",0.028880176,"Idioblast"
6.288716667,"BPC",0.027808819,"Idioblast"
6.2931,"BPC",0.027184127,"Idioblast"
6.297483333,"BPC",0.030605596,"Idioblast"
6.30185,"BPC",0.026588791,"Idioblast"
6.306233333,"BPC",0.026288667,"Idioblast"
6.310616667,"BPC",0.025199887,"Idioblast"
6.315,"BPC",0.025854358,"Idioblast"
6.319366667,"BPC",0.02472575,"Idioblast"
6.32375,"BPC",0.025198481,"Idioblast"
6.328133333,"BPC",0.024775888,"Idioblast"
6.332516667,"BPC",0.022607454,"Idioblast"
6.336883333,"BPC",0.023791677,"Idioblast"
6.341266667,"BPC",0.024194585,"Idioblast"
6.34565,"BPC",0.024352175,"Idioblast"
6.350033333,"BPC",0.024733546,"Idioblast"
6.3544,"BPC",0.02429562,"Idioblast"
6.358783333,"BPC",0.024280952,"Idioblast"
6.363166667,"BPC",0.02534833,"Idioblast"
6.36755,"BPC",0.024087729,"Idioblast"
6.371916667,"BPC",0.027186087,"Idioblast"
6.3763,"BPC",0.025400072,"Idioblast"
6.380683333,"BPC",0.024866996,"Idioblast"
6.385066667,"BPC",0.025015612,"Idioblast"
6.389433333,"BPC",0.02462516,"Idioblast"
6.393816667,"BPC",0.023374136,"Idioblast"
6.3982,"BPC",0.027375309,"Idioblast"
6.402583333,"BPC",0.026392894,"Idioblast"
6.40695,"BPC",0.023479374,"Idioblast"
6.411333333,"BPC",0.025126897,"Idioblast"
6.415716667,"BPC",0.024552975,"Idioblast"
6.4201,"BPC",0.023974175,"Idioblast"
6.424466667,"BPC",0.025619968,"Idioblast"
6.42885,"BPC",0.024883399,"Idioblast"
6.4332333330000004,"BPC",0.022881112,"Idioblast"
6.437616667,"BPC",0.022131234,"Idioblast"
6.441983333,"BPC",0.024644643,"Idioblast"
6.446366667,"BPC",0.024839473,"Idioblast"
6.45075,"BPC",0.024131025,"Idioblast"
6.455133333,"BPC",0.024125858,"Idioblast"
6.4595,"BPC",0.023383533,"Idioblast"
6.463883333,"BPC",0.024665605,"Idioblast"
6.468266667,"BPC",0.023436344,"Idioblast"
6.47265,"BPC",0.025440113,"Idioblast"
6.477016667,"BPC",0.024070835,"Idioblast"
6.4814,"BPC",0.025136757,"Idioblast"
6.485783333,"BPC",0.025916909,"Idioblast"
6.4901666669999996,"BPC",0.023928197,"Idioblast"
6.494533333,"BPC",0.025635589,"Idioblast"
6.498916667,"BPC",0.025764893,"Idioblast"
6.5033,"BPC",0.025469595,"Idioblast"
